{"average_velocity_error": 0.5893254602948824, "relative_maximum_velocity_error": 3.7989923052459926, "std_velocity_error": 0.3105283918289038, "average_trajectory_error": 17.600523085057905, "relative_maximum_trajectory_error": 1.8754143220736932, "std_trajectory_error": 8.746805687437915, "relative_distance_error": 0.329798721740099, "relative_form_transformed_trajectory_error": 0.3852550008097605, "scale_error": 0.14216945408446435, "translation_error": 16.31587726749047, "rotation_error": 11.462189564566387}