{"average_velocity_error": 0.6134552258329514, "relative_maximum_velocity_error": 3.644707829483484, "std_velocity_error": 0.3183914568179693, "average_trajectory_error": 17.539591296859847, "relative_maximum_trajectory_error": 1.8056754745708896, "std_trajectory_error": 8.236858739780178, "relative_distance_error": 0.33786592594760756, "relative_form_transformed_trajectory_error": 0.39323224396431583, "scale_error": 0.1372569015390986, "translation_error": 15.912496411688684, "rotation_error": 11.375400685664014}