{"average_velocity_error": 0.6118921712040901, "relative_maximum_velocity_error": 3.758244917879267, "std_velocity_error": 0.3252486941906122, "average_trajectory_error": 20.439610139495162, "relative_maximum_trajectory_error": 1.8656872954071706, "std_trajectory_error": 10.197583772231276, "relative_distance_error": 0.3452488318880809, "relative_form_transformed_trajectory_error": 0.36923598903080335, "scale_error": 0.19276589439012942, "translation_error": 18.929652444433373, "rotation_error": 11.654792194294155}