{"average_velocity_error": 0.5659641631867294, "relative_maximum_velocity_error": 4.0653370487828795, "std_velocity_error": 0.30336604113440213, "average_trajectory_error": 16.704537092927378, "relative_maximum_trajectory_error": 1.8126977584552708, "std_trajectory_error": 8.16418712696372, "relative_distance_error": 0.33074767462106364, "relative_form_transformed_trajectory_error": 0.381639665758525, "scale_error": 0.13872010247186958, "translation_error": 15.473862036374227, "rotation_error": 9.986932913272259}