{"average_velocity_error": 0.6091706693554536, "relative_maximum_velocity_error": 4.56343590722822, "std_velocity_error": 0.3316001606484254, "average_trajectory_error": 20.058723750975904, "relative_maximum_trajectory_error": 1.7956656276867606, "std_trajectory_error": 9.970304304854471, "relative_distance_error": 0.3161064362624047, "relative_form_transformed_trajectory_error": 0.3624512067992611, "scale_error": 0.15345693800208685, "translation_error": 18.901178430856106, "rotation_error": 14.24897354433057}