{"average_velocity_error": 0.6039834125683858, "relative_maximum_velocity_error": 3.6816120636923837, "std_velocity_error": 0.3132455464548025, "average_trajectory_error": 19.99319778936408, "relative_maximum_trajectory_error": 1.8879403988726058, "std_trajectory_error": 10.106806860162278, "relative_distance_error": 0.3410060062390105, "relative_form_transformed_trajectory_error": 0.39648713772801114, "scale_error": 0.19193185174896787, "translation_error": 18.514923158453414, "rotation_error": 10.825943722739616}