{"average_velocity_error": 0.6117636207968761, "relative_maximum_velocity_error": 3.9598563484771776, "std_velocity_error": 0.33123006623906964, "average_trajectory_error": 20.47280051435724, "relative_maximum_trajectory_error": 1.8138334119261867, "std_trajectory_error": 10.080791940068735, "relative_distance_error": 0.2903858470572136, "relative_form_transformed_trajectory_error": 0.3609603193668871, "scale_error": 0.1758570308951166, "translation_error": 19.268907015193044, "rotation_error": 12.462217942674794}