{"average_velocity_error": 0.5866938688052006, "relative_maximum_velocity_error": 3.7626139335510063, "std_velocity_error": 0.3122680952342657, "average_trajectory_error": 19.28654015419221, "relative_maximum_trajectory_error": 1.797515817226365, "std_trajectory_error": 9.340376174650551, "relative_distance_error": 0.3496028506320822, "relative_form_transformed_trajectory_error": 0.3727496806069991, "scale_error": 0.20299247408026497, "translation_error": 17.72241424347363, "rotation_error": 11.42205228897839}