{"average_velocity_error": 0.5879280546154732, "relative_maximum_velocity_error": 4.737042899369334, "std_velocity_error": 0.3165971342569742, "average_trajectory_error": 18.147792412297957, "relative_maximum_trajectory_error": 1.8257099917991206, "std_trajectory_error": 9.030389579557546, "relative_distance_error": 0.3121394476332627, "relative_form_transformed_trajectory_error": 0.3705536023575796, "scale_error": 0.14383274353508738, "translation_error": 16.93616458899725, "rotation_error": 10.50252979667054}