{"average_velocity_error": 0.581184439934217, "relative_maximum_velocity_error": 4.654385337567912, "std_velocity_error": 0.3199465331167747, "average_trajectory_error": 17.264139078307924, "relative_maximum_trajectory_error": 1.7793122138491855, "std_trajectory_error": 8.24043337658949, "relative_distance_error": 0.3014248584959069, "relative_form_transformed_trajectory_error": 0.39149208310535233, "scale_error": 0.12128643644112405, "translation_error": 16.006378236446043, "rotation_error": 11.798758104672942}