{"average_velocity_error": 0.6002734343592937, "relative_maximum_velocity_error": 3.6594940279496333, "std_velocity_error": 0.31660406969678706, "average_trajectory_error": 19.623438944401293, "relative_maximum_trajectory_error": 1.8412547697097994, "std_trajectory_error": 9.860043833203386, "relative_distance_error": 0.34884710090444926, "relative_form_transformed_trajectory_error": 0.35161909168689676, "scale_error": 0.18402314929596728, "translation_error": 18.261956195614314, "rotation_error": 11.729596930578861}