{"average_velocity_error": 0.56465355976518, "relative_maximum_velocity_error": 4.121600781503819, "std_velocity_error": 0.3035576418286324, "average_trajectory_error": 16.582862340668314, "relative_maximum_trajectory_error": 1.7961277715917339, "std_trajectory_error": 8.061418248681239, "relative_distance_error": 0.3303330514812309, "relative_form_transformed_trajectory_error": 0.38260830755692193, "scale_error": 0.13636907006637627, "translation_error": 15.406093648040041, "rotation_error": 10.098115072890659}