{"average_velocity_error": 0.6418784046784426, "relative_maximum_velocity_error": 4.644417313799126, "std_velocity_error": 0.33068283293873835, "average_trajectory_error": 25.81708837966558, "relative_maximum_trajectory_error": 1.9421168518672358, "std_trajectory_error": 13.784486439796805, "relative_distance_error": 0.3227612247273517, "relative_form_transformed_trajectory_error": 0.3677111045627036, "scale_error": 0.2399793860643699, "translation_error": 24.65812954596721, "rotation_error": 16.697711688558474}