{"average_velocity_error": 0.6229886559721751, "relative_maximum_velocity_error": 3.7547273403457337, "std_velocity_error": 0.3304499469888516, "average_trajectory_error": 21.59542496173458, "relative_maximum_trajectory_error": 1.7926516543830888, "std_trajectory_error": 10.506527206039644, "relative_distance_error": 0.352484171277527, "relative_form_transformed_trajectory_error": 0.3762973114908019, "scale_error": 0.1980510766626046, "translation_error": 20.22494731543579, "rotation_error": 11.746963459525075}