{"average_velocity_error": 0.616526396992879, "relative_maximum_velocity_error": 3.6151526216731518, "std_velocity_error": 0.3163029860991698, "average_trajectory_error": 20.172500576938493, "relative_maximum_trajectory_error": 1.9247833627247508, "std_trajectory_error": 10.212736046092298, "relative_distance_error": 0.3172634436359226, "relative_form_transformed_trajectory_error": 0.4025630851696168, "scale_error": 0.14508132435051427, "translation_error": 18.923449778966795, "rotation_error": 13.466197787831929}