{"average_velocity_error": 0.6333959521009371, "relative_maximum_velocity_error": 4.665797810065596, "std_velocity_error": 0.3307796330788197, "average_trajectory_error": 24.169279148151425, "relative_maximum_trajectory_error": 1.8614484542680811, "std_trajectory_error": 12.515636270669537, "relative_distance_error": 0.3564170389485162, "relative_form_transformed_trajectory_error": 0.36596264252993027, "scale_error": 0.24356552347270677, "translation_error": 22.785595052938305, "rotation_error": 14.295574698735658}