{"average_velocity_error": 0.6307317834251966, "relative_maximum_velocity_error": 3.7509839540996768, "std_velocity_error": 0.33017515887816745, "average_trajectory_error": 22.607873172620057, "relative_maximum_trajectory_error": 1.7896472507671233, "std_trajectory_error": 11.285150069475108, "relative_distance_error": 0.36913642366168264, "relative_form_transformed_trajectory_error": 0.35608100530795894, "scale_error": 0.2217716707766518, "translation_error": 21.149225125516786, "rotation_error": 11.87775758101279}