{"average_velocity_error": 0.5635306237912272, "relative_maximum_velocity_error": 4.180345201873733, "std_velocity_error": 0.3037595228782038, "average_trajectory_error": 15.866896132298251, "relative_maximum_trajectory_error": 1.8069042992243067, "std_trajectory_error": 7.700698144338214, "relative_distance_error": 0.32467796010804545, "relative_form_transformed_trajectory_error": 0.3881517460820204, "scale_error": 0.12835763759297, "translation_error": 14.648765355911637, "rotation_error": 9.743714229003395}