{"average_velocity_error": 0.6118504855877314, "relative_maximum_velocity_error": 3.6209623978687047, "std_velocity_error": 0.3163392486480566, "average_trajectory_error": 19.036903942477768, "relative_maximum_trajectory_error": 1.791544171511758, "std_trajectory_error": 9.005042889107996, "relative_distance_error": 0.35016223589269113, "relative_form_transformed_trajectory_error": 0.38708834672143155, "scale_error": 0.18769609795246864, "translation_error": 17.254988739267716, "rotation_error": 11.178500674700672}