{"average_velocity_error": 0.6074806887369889, "relative_maximum_velocity_error": 3.663378924046975, "std_velocity_error": 0.3244449653877662, "average_trajectory_error": 19.209798293590367, "relative_maximum_trajectory_error": 1.806767529317698, "std_trajectory_error": 9.366451105966506, "relative_distance_error": 0.32300690551931294, "relative_form_transformed_trajectory_error": 0.38363817572822456, "scale_error": 0.16046080801089163, "translation_error": 17.644331480379076, "rotation_error": 11.750610619283961}