{"average_velocity_error": 0.5984025574647464, "relative_maximum_velocity_error": 3.6991278019556977, "std_velocity_error": 0.3161977309829149, "average_trajectory_error": 17.882848583849537, "relative_maximum_trajectory_error": 1.8643045858271814, "std_trajectory_error": 8.645800836923769, "relative_distance_error": 0.32274701293777086, "relative_form_transformed_trajectory_error": 0.38656593864536903, "scale_error": 0.14241037986657787, "translation_error": 16.631935562811982, "rotation_error": 11.4847620695587}