{"average_velocity_error": 0.6225945510161228, "relative_maximum_velocity_error": 4.436350802308236, "std_velocity_error": 0.3235726041289476, "average_trajectory_error": 23.83119017694926, "relative_maximum_trajectory_error": 1.8880872874191363, "std_trajectory_error": 12.11783810141962, "relative_distance_error": 0.3407919573364517, "relative_form_transformed_trajectory_error": 0.36483884051639065, "scale_error": 0.2063664714984778, "translation_error": 22.55838202015358, "rotation_error": 15.86786840567443}