{"average_velocity_error": 0.5634273152753736, "relative_maximum_velocity_error": 4.0779590546988045, "std_velocity_error": 0.3029851222632984, "average_trajectory_error": 16.04638094828716, "relative_maximum_trajectory_error": 1.814917998170704, "std_trajectory_error": 7.79323935841395, "relative_distance_error": 0.32806850928314174, "relative_form_transformed_trajectory_error": 0.3857326877616309, "scale_error": 0.1328491213783172, "translation_error": 14.788888993852005, "rotation_error": 9.734030956975325}