{"average_velocity_error": 0.6008521438791201, "relative_maximum_velocity_error": 4.880457894559679, "std_velocity_error": 0.3244787176641134, "average_trajectory_error": 20.6720112381853, "relative_maximum_trajectory_error": 1.791871302068768, "std_trajectory_error": 10.287272843651975, "relative_distance_error": 0.3362613397323994, "relative_form_transformed_trajectory_error": 0.36047705213448644, "scale_error": 0.18554536190637064, "translation_error": 19.446188374891577, "rotation_error": 11.623061522158247}