{"average_velocity_error": 0.6105676702199838, "relative_maximum_velocity_error": 3.8897577572377, "std_velocity_error": 0.3209107762727982, "average_trajectory_error": 19.734808544624073, "relative_maximum_trajectory_error": 1.8423869618465778, "std_trajectory_error": 9.827094549791516, "relative_distance_error": 0.3243053014967474, "relative_form_transformed_trajectory_error": 0.3718954666270711, "scale_error": 0.17445816521672264, "translation_error": 18.26168269481911, "rotation_error": 11.758255190346945}