{"average_velocity_error": 0.5938676410378554, "relative_maximum_velocity_error": 4.942678790145357, "std_velocity_error": 0.324121515529278, "average_trajectory_error": 18.121981708211887, "relative_maximum_trajectory_error": 1.7803106057935014, "std_trajectory_error": 8.745800777979458, "relative_distance_error": 0.3183095366612154, "relative_form_transformed_trajectory_error": 0.3727421165315697, "scale_error": 0.14584571448161493, "translation_error": 16.974618056677116, "rotation_error": 11.025151168136318}