{"average_velocity_error": 0.5636654123460421, "relative_maximum_velocity_error": 4.0356117350836636, "std_velocity_error": 0.30268289629615985, "average_trajectory_error": 16.43281647225776, "relative_maximum_trajectory_error": 1.8113455457524346, "std_trajectory_error": 7.998066415620405, "relative_distance_error": 0.329998452451899, "relative_form_transformed_trajectory_error": 0.38148520972802447, "scale_error": 0.13696803856461381, "translation_error": 15.184009207994409, "rotation_error": 9.932230935833477}