{"average_velocity_error": 0.5974057398927517, "relative_maximum_velocity_error": 3.8075687958940274, "std_velocity_error": 0.31852427678994644, "average_trajectory_error": 20.44790359127789, "relative_maximum_trajectory_error": 1.8806411772564684, "std_trajectory_error": 10.480832151096578, "relative_distance_error": 0.32926802397032134, "relative_form_transformed_trajectory_error": 0.38066755597609964, "scale_error": 0.19450502777451908, "translation_error": 19.188576346495015, "rotation_error": 13.820717737234164}