{"average_velocity_error": 0.5683258451441938, "relative_maximum_velocity_error": 4.440473981262736, "std_velocity_error": 0.3071802093995296, "average_trajectory_error": 17.17069018745395, "relative_maximum_trajectory_error": 1.7945731183485738, "std_trajectory_error": 8.428078798173411, "relative_distance_error": 0.3315930914802525, "relative_form_transformed_trajectory_error": 0.3745476358328888, "scale_error": 0.14085155516223194, "translation_error": 16.00776829045486, "rotation_error": 9.93714813857143}