{"average_velocity_error": 0.60499013425448, "relative_maximum_velocity_error": 5.141379857079655, "std_velocity_error": 0.3360603339970112, "average_trajectory_error": 19.79734285440877, "relative_maximum_trajectory_error": 1.883904825505791, "std_trajectory_error": 9.89933086157806, "relative_distance_error": 0.31093299966823196, "relative_form_transformed_trajectory_error": 0.38381281574260234, "scale_error": 0.1631730345002562, "translation_error": 18.391508084207818, "rotation_error": 11.940409484777414}