{"average_velocity_error": 0.58405434856048, "relative_maximum_velocity_error": 3.800501358649001, "std_velocity_error": 0.3174742423953154, "average_trajectory_error": 17.797163644794427, "relative_maximum_trajectory_error": 1.806445023706209, "std_trajectory_error": 8.727764934178309, "relative_distance_error": 0.3186990231664603, "relative_form_transformed_trajectory_error": 0.3818327767887535, "scale_error": 0.14548864999571562, "translation_error": 16.61821251047966, "rotation_error": 12.762829446262105}