{"average_velocity_error": 0.6138052567839622, "relative_maximum_velocity_error": 4.964823128885551, "std_velocity_error": 0.3313003436495096, "average_trajectory_error": 23.37154158960929, "relative_maximum_trajectory_error": 1.7736625521725278, "std_trajectory_error": 12.097801281190309, "relative_distance_error": 0.3312254488155631, "relative_form_transformed_trajectory_error": 0.3555696880513066, "scale_error": 0.19989319707429404, "translation_error": 22.308133149575443, "rotation_error": 14.340572982319404}