{"average_velocity_error": 0.5891374806180979, "relative_maximum_velocity_error": 4.553571854766938, "std_velocity_error": 0.325181235678685, "average_trajectory_error": 19.980908832368556, "relative_maximum_trajectory_error": 1.8270833621577414, "std_trajectory_error": 9.852794572439803, "relative_distance_error": 0.3193938428947538, "relative_form_transformed_trajectory_error": 0.3575713330352535, "scale_error": 0.15209693188069684, "translation_error": 18.83535392277705, "rotation_error": 15.717194505836058}