{"average_velocity_error": 0.6085168207303072, "relative_maximum_velocity_error": 3.8795426670677124, "std_velocity_error": 0.3165258236038379, "average_trajectory_error": 22.80968889537286, "relative_maximum_trajectory_error": 1.8642692643912364, "std_trajectory_error": 11.770849426562155, "relative_distance_error": 0.3098605574587165, "relative_form_transformed_trajectory_error": 0.36080070898368444, "scale_error": 0.17817858228507413, "translation_error": 21.68598643165893, "rotation_error": 15.645943293021647}