{"average_velocity_error": 0.5977806179569318, "relative_maximum_velocity_error": 3.858426628504767, "std_velocity_error": 0.3205626478944069, "average_trajectory_error": 18.46738542047292, "relative_maximum_trajectory_error": 1.7942918701794799, "std_trajectory_error": 8.692963286273512, "relative_distance_error": 0.32211954831677214, "relative_form_transformed_trajectory_error": 0.3602607726515214, "scale_error": 0.14256852603686537, "translation_error": 17.146829093098347, "rotation_error": 12.124743622457853}