{"average_velocity_error": 0.5911227411184555, "relative_maximum_velocity_error": 3.783796861836978, "std_velocity_error": 0.31924304423423916, "average_trajectory_error": 18.43366718734298, "relative_maximum_trajectory_error": 1.8044598290686782, "std_trajectory_error": 8.989820095315299, "relative_distance_error": 0.3319902335497416, "relative_form_transformed_trajectory_error": 0.4043532884277063, "scale_error": 0.1616389708916304, "translation_error": 16.969279685734453, "rotation_error": 10.442983814727166}