{"average_velocity_error": 0.4903712116468411, "relative_maximum_velocity_error": 4.418925198003257, "std_velocity_error": 0.26072842369859034, "average_trajectory_error": 6.45917889471355, "relative_maximum_trajectory_error": 1.9056425496683906, "std_trajectory_error": 3.291661995605089, "relative_distance_error": 0.36488864220963263, "relative_form_transformed_trajectory_error": 0.30432136575401797, "scale_error": 0.16916919746969925, "translation_error": 5.950283802516053, "rotation_error": 27.132982396833235}