{"average_velocity_error": 0.4883827797781963, "relative_maximum_velocity_error": 3.180711104442219, "std_velocity_error": 0.24066946419099203, "average_trajectory_error": 5.937487036539665, "relative_maximum_trajectory_error": 1.9080175759007085, "std_trajectory_error": 3.0307539416145457, "relative_distance_error": 0.3150883658867061, "relative_form_transformed_trajectory_error": 0.3127527726740675, "scale_error": 0.1427145593525477, "translation_error": 5.389315434942296, "rotation_error": 30.18687220174863}