{"average_velocity_error": 0.49571195918206984, "relative_maximum_velocity_error": 3.133824895524559, "std_velocity_error": 0.2463268991559744, "average_trajectory_error": 7.47420628102246, "relative_maximum_trajectory_error": 1.840375636801144, "std_trajectory_error": 3.8789160770355164, "relative_distance_error": 0.3700198155648007, "relative_form_transformed_trajectory_error": 0.2809351888940422, "scale_error": 0.1646170862629172, "translation_error": 7.006090893105332, "rotation_error": 31.974327442811298}