{"average_velocity_error": 0.49953154818369794, "relative_maximum_velocity_error": 3.0401104179900305, "std_velocity_error": 0.24685391346709087, "average_trajectory_error": 7.709532473009683, "relative_maximum_trajectory_error": 1.9095162164309476, "std_trajectory_error": 4.0833862008883495, "relative_distance_error": 0.384686879331916, "relative_form_transformed_trajectory_error": 0.2939753737386678, "scale_error": 0.30012148721401266, "translation_error": 7.3248160858864715, "rotation_error": 32.22550619599803}