{"average_velocity_error": 0.46746911251774204, "relative_maximum_velocity_error": 3.171960279199152, "std_velocity_error": 0.24166386553014702, "average_trajectory_error": 5.85717992430149, "relative_maximum_trajectory_error": 1.85442392756235, "std_trajectory_error": 2.900404458032157, "relative_distance_error": 0.3520498415255177, "relative_form_transformed_trajectory_error": 0.32848009833591374, "scale_error": 0.13850945688389732, "translation_error": 5.347793848325147, "rotation_error": 28.840699155088803}