{"average_velocity_error": 0.4842533012135671, "relative_maximum_velocity_error": 3.2045769764079344, "std_velocity_error": 0.24860613807462728, "average_trajectory_error": 6.359498809722254, "relative_maximum_trajectory_error": 1.8618544275504854, "std_trajectory_error": 3.207677779399805, "relative_distance_error": 0.36620236277853924, "relative_form_transformed_trajectory_error": 0.3152018408486754, "scale_error": 0.1611840792805093, "translation_error": 5.810995048802644, "rotation_error": 30.99851027124792}