{"average_velocity_error": 0.4928857980725857, "relative_maximum_velocity_error": 3.1662016524549412, "std_velocity_error": 0.24493763517015255, "average_trajectory_error": 6.534250206723105, "relative_maximum_trajectory_error": 2.034057679639382, "std_trajectory_error": 3.4757764701906573, "relative_distance_error": 0.3699258274642959, "relative_form_transformed_trajectory_error": 0.3208393406738541, "scale_error": 0.1923161499131104, "translation_error": 6.035435021053524, "rotation_error": 39.5192008335738}