{"average_velocity_error": 0.47960462091633904, "relative_maximum_velocity_error": 4.3903981218880315, "std_velocity_error": 0.2653918438232862, "average_trajectory_error": 6.368595837778861, "relative_maximum_trajectory_error": 1.924573926074863, "std_trajectory_error": 3.288719400238312, "relative_distance_error": 0.36766970182223646, "relative_form_transformed_trajectory_error": 0.3079788099678649, "scale_error": 0.1628551172201848, "translation_error": 5.899223404439278, "rotation_error": 29.704666150450088}