{"average_velocity_error": 0.4854873421673591, "relative_maximum_velocity_error": 3.1836891805226517, "std_velocity_error": 0.24687170000890127, "average_trajectory_error": 6.3287991949276305, "relative_maximum_trajectory_error": 1.8613498132523225, "std_trajectory_error": 3.0970477612418352, "relative_distance_error": 0.3209082541292291, "relative_form_transformed_trajectory_error": 0.30238497067220327, "scale_error": 0.1390246533656141, "translation_error": 5.822674494990121, "rotation_error": 30.38750544271216}