{"average_velocity_error": 0.454271106897345, "relative_maximum_velocity_error": 3.761290009319635, "std_velocity_error": 0.24152427247136682, "average_trajectory_error": 5.5868963075903775, "relative_maximum_trajectory_error": 1.9164213455493688, "std_trajectory_error": 2.827635278043237, "relative_distance_error": 0.35814754915551283, "relative_form_transformed_trajectory_error": 0.3208871917854, "scale_error": 0.24176969043050817, "translation_error": 5.080288556917998, "rotation_error": 29.31706841119098}