{"average_velocity_error": 0.4789993195579602, "relative_maximum_velocity_error": 3.822593202569576, "std_velocity_error": 0.2487537981225894, "average_trajectory_error": 6.62141866958425, "relative_maximum_trajectory_error": 1.92058239562553, "std_trajectory_error": 3.3147582446297, "relative_distance_error": 0.3749927387492994, "relative_form_transformed_trajectory_error": 0.29333662335824173, "scale_error": 0.208203525319412, "translation_error": 6.178957308004152, "rotation_error": 28.26991523833874}