{"average_velocity_error": 0.4910785405395123, "relative_maximum_velocity_error": 4.797042767518422, "std_velocity_error": 0.26550801513859856, "average_trajectory_error": 6.290961803296024, "relative_maximum_trajectory_error": 1.8701600158575038, "std_trajectory_error": 3.1024370531809113, "relative_distance_error": 0.3037098122760487, "relative_form_transformed_trajectory_error": 0.2974091468921739, "scale_error": 0.12740389002775027, "translation_error": 5.743008025126272, "rotation_error": 28.9092591567102}