{"average_velocity_error": 0.4778551672800229, "relative_maximum_velocity_error": 4.516177865728386, "std_velocity_error": 0.25545496149705005, "average_trajectory_error": 6.130057127107053, "relative_maximum_trajectory_error": 2.03991183416187, "std_trajectory_error": 3.116442927696463, "relative_distance_error": 0.38656733660473885, "relative_form_transformed_trajectory_error": 0.30155435608670794, "scale_error": 0.2408229382679249, "translation_error": 5.621667926340796, "rotation_error": 28.033036118192985}