{"average_velocity_error": 0.4941537706897809, "relative_maximum_velocity_error": 4.120701388640612, "std_velocity_error": 0.2602151779887768, "average_trajectory_error": 6.388365315492103, "relative_maximum_trajectory_error": 1.8852388781953116, "std_trajectory_error": 3.1718650840450904, "relative_distance_error": 0.3493262016236813, "relative_form_transformed_trajectory_error": 0.2961893935800551, "scale_error": 0.12217389249374908, "translation_error": 5.898474303301326, "rotation_error": 28.066810124681858}