{"average_velocity_error": 0.4753736869360392, "relative_maximum_velocity_error": 3.18897036850648, "std_velocity_error": 0.24406254012137651, "average_trajectory_error": 5.603485727464531, "relative_maximum_trajectory_error": 1.927353477711025, "std_trajectory_error": 2.817042039436468, "relative_distance_error": 0.3247482910326915, "relative_form_transformed_trajectory_error": 0.33940773526767626, "scale_error": 0.1231119699130885, "translation_error": 5.075228793370518, "rotation_error": 31.24587755876825}