{"average_velocity_error": 0.4932951471553399, "relative_maximum_velocity_error": 3.1017325723805964, "std_velocity_error": 0.25018023205204654, "average_trajectory_error": 6.347626325127637, "relative_maximum_trajectory_error": 1.823952097967689, "std_trajectory_error": 3.1848113160640192, "relative_distance_error": 0.3871430019802581, "relative_form_transformed_trajectory_error": 0.3220441774512913, "scale_error": 0.18538398050176907, "translation_error": 5.829494863772311, "rotation_error": 26.38921236255663}