{"average_velocity_error": 0.48119079780120116, "relative_maximum_velocity_error": 3.2103308553801577, "std_velocity_error": 0.24777989318737617, "average_trajectory_error": 6.244228449335377, "relative_maximum_trajectory_error": 1.9540158782425332, "std_trajectory_error": 3.214121001234248, "relative_distance_error": 0.34630587933238866, "relative_form_transformed_trajectory_error": 0.30758692794681447, "scale_error": 0.12822390654479615, "translation_error": 5.728182535033101, "rotation_error": 32.01465457593163}