{"average_velocity_error": 0.49582844972610474, "relative_maximum_velocity_error": 3.1670381454304968, "std_velocity_error": 0.2548142931639002, "average_trajectory_error": 6.873606168639565, "relative_maximum_trajectory_error": 1.858464443186879, "std_trajectory_error": 3.4823399544932974, "relative_distance_error": 0.3876880515549638, "relative_form_transformed_trajectory_error": 0.30947268327522404, "scale_error": 0.20150458529861054, "translation_error": 6.413571686374722, "rotation_error": 33.34277291530824}