{"average_velocity_error": 0.48170710254747134, "relative_maximum_velocity_error": 4.430547176189694, "std_velocity_error": 0.2609045021235943, "average_trajectory_error": 6.599506544951634, "relative_maximum_trajectory_error": 1.8898285636837668, "std_trajectory_error": 3.4129986968514454, "relative_distance_error": 0.3661624520881372, "relative_form_transformed_trajectory_error": 0.29664432585602496, "scale_error": 0.1645425894858479, "translation_error": 6.155028517039199, "rotation_error": 32.40720083947243}