{"average_velocity_error": 0.4541364939682581, "relative_maximum_velocity_error": 3.734603320329592, "std_velocity_error": 0.2411425541435334, "average_trajectory_error": 5.647584504506036, "relative_maximum_trajectory_error": 1.9180242417454954, "std_trajectory_error": 2.8708390663047343, "relative_distance_error": 0.36157365444433565, "relative_form_transformed_trajectory_error": 0.3205625702323295, "scale_error": 0.2488945270375796, "translation_error": 5.150844863788224, "rotation_error": 29.78543212175554}