{"average_velocity_error": 0.48018863797187805, "relative_maximum_velocity_error": 3.1583103888501776, "std_velocity_error": 0.24516139258272374, "average_trajectory_error": 7.220229439663422, "relative_maximum_trajectory_error": 1.8993905505845918, "std_trajectory_error": 3.7289409983658364, "relative_distance_error": 0.37483902910377687, "relative_form_transformed_trajectory_error": 0.29258614542146805, "scale_error": 0.18841051874024617, "translation_error": 6.790530319755832, "rotation_error": 33.89370091063057}