{"average_velocity_error": 0.4556156698555553, "relative_maximum_velocity_error": 3.814134000176523, "std_velocity_error": 0.24334553930896566, "average_trajectory_error": 5.742114257847958, "relative_maximum_trajectory_error": 1.9095888585755552, "std_trajectory_error": 2.922082991147285, "relative_distance_error": 0.3637376678126287, "relative_form_transformed_trajectory_error": 0.3160787163137221, "scale_error": 0.23608973170600298, "translation_error": 5.253355510990346, "rotation_error": 29.086724168975042}