{"average_velocity_error": 0.4875162901500097, "relative_maximum_velocity_error": 4.288787631924115, "std_velocity_error": 0.2581637100531505, "average_trajectory_error": 6.816722114476419, "relative_maximum_trajectory_error": 1.9085596305146568, "std_trajectory_error": 3.5284389232114317, "relative_distance_error": 0.3615225027299151, "relative_form_transformed_trajectory_error": 0.2860512654110525, "scale_error": 0.22096278318123078, "translation_error": 6.402019158908497, "rotation_error": 28.4027501007429}