{"average_velocity_error": 0.46429471265492295, "relative_maximum_velocity_error": 4.256861160406408, "std_velocity_error": 0.25156420943248037, "average_trajectory_error": 6.162107217275887, "relative_maximum_trajectory_error": 1.9309456966873602, "std_trajectory_error": 3.2126503701505316, "relative_distance_error": 0.37864674848622815, "relative_form_transformed_trajectory_error": 0.3085026603641433, "scale_error": 0.23812039287525646, "translation_error": 5.680287994817847, "rotation_error": 28.958463161789705}