{"average_velocity_error": 0.4757660683244467, "relative_maximum_velocity_error": 3.1931439984884786, "std_velocity_error": 0.24324202372764164, "average_trajectory_error": 5.920575259684961, "relative_maximum_trajectory_error": 1.8481307312619148, "std_trajectory_error": 2.9386918848660906, "relative_distance_error": 0.34436119331057413, "relative_form_transformed_trajectory_error": 0.3124349545113804, "scale_error": 0.1385040267878419, "translation_error": 5.408764099353719, "rotation_error": 27.641399130540847}