{"average_velocity_error": 0.4948940287129237, "relative_maximum_velocity_error": 4.980524175775297, "std_velocity_error": 0.2708062208615817, "average_trajectory_error": 6.520418420757964, "relative_maximum_trajectory_error": 1.9145959055216026, "std_trajectory_error": 3.3394997902226966, "relative_distance_error": 0.33021181187055465, "relative_form_transformed_trajectory_error": 0.29795492706937143, "scale_error": 0.13543496459601803, "translation_error": 5.983382219638632, "rotation_error": 30.825064547830046}