{"average_velocity_error": 0.45334660724203163, "relative_maximum_velocity_error": 3.6947429023074685, "std_velocity_error": 0.2401144875585313, "average_trajectory_error": 5.618710099420057, "relative_maximum_trajectory_error": 1.9230594498354323, "std_trajectory_error": 2.857321661659877, "relative_distance_error": 0.3622790775442915, "relative_form_transformed_trajectory_error": 0.32175077605767693, "scale_error": 0.2193739387878733, "translation_error": 5.1225129897477935, "rotation_error": 31.318507610179388}