{"average_velocity_error": 0.4893224948587326, "relative_maximum_velocity_error": 4.915106162645819, "std_velocity_error": 0.28334712452040267, "average_trajectory_error": 6.237341524393612, "relative_maximum_trajectory_error": 1.8277898672106359, "std_trajectory_error": 3.130197757770666, "relative_distance_error": 0.33817777354304723, "relative_form_transformed_trajectory_error": 0.3008217334963491, "scale_error": 0.14982154376572338, "translation_error": 5.74969285741531, "rotation_error": 26.322030805627474}