{"average_velocity_error": 0.4543383713963682, "relative_maximum_velocity_error": 3.6663163301690664, "std_velocity_error": 0.23991095587277236, "average_trajectory_error": 5.669214642363049, "relative_maximum_trajectory_error": 1.913905995945783, "std_trajectory_error": 2.8802084247577984, "relative_distance_error": 0.3637744891583351, "relative_form_transformed_trajectory_error": 0.32051925732498737, "scale_error": 0.20836063541382954, "translation_error": 5.173703409483601, "rotation_error": 31.45883070183968}