{"average_velocity_error": 0.4948063133141169, "relative_maximum_velocity_error": 3.2164663804344444, "std_velocity_error": 0.24834460922731802, "average_trajectory_error": 6.268359355660792, "relative_maximum_trajectory_error": 1.8616763094602324, "std_trajectory_error": 3.158491780454599, "relative_distance_error": 0.2996290309486693, "relative_form_transformed_trajectory_error": 0.29819862930744073, "scale_error": 0.10447301936338597, "translation_error": 5.704084167565909, "rotation_error": 31.31777297130644}