{"average_velocity_error": 0.480503274127841, "relative_maximum_velocity_error": 5.061669602414815, "std_velocity_error": 0.2688315242815476, "average_trajectory_error": 6.512814996155646, "relative_maximum_trajectory_error": 2.0348977898576766, "std_trajectory_error": 3.436413988578839, "relative_distance_error": 0.34152486553803957, "relative_form_transformed_trajectory_error": 0.29686659533365983, "scale_error": 0.16401092090439623, "translation_error": 6.041239568631813, "rotation_error": 31.443729485785795}