{"average_velocity_error": 0.5068578161299229, "relative_maximum_velocity_error": 3.092438330555279, "std_velocity_error": 0.25030482044586766, "average_trajectory_error": 7.443938605271465, "relative_maximum_trajectory_error": 1.9287970129532466, "std_trajectory_error": 3.9721946996540045, "relative_distance_error": 0.3952440923612151, "relative_form_transformed_trajectory_error": 0.28770581514016297, "scale_error": 0.25891889717655336, "translation_error": 6.988347991166891, "rotation_error": 31.555585997416145}