{"average_velocity_error": 0.5089595191753827, "relative_maximum_velocity_error": 3.0563423702110013, "std_velocity_error": 0.2523525437483421, "average_trajectory_error": 6.9925146394066, "relative_maximum_trajectory_error": 1.9370945660615315, "std_trajectory_error": 3.648888258804092, "relative_distance_error": 0.36200229364370046, "relative_form_transformed_trajectory_error": 0.29723980312328435, "scale_error": 0.16741575875314232, "translation_error": 6.506818894638456, "rotation_error": 33.85636424238656}