{"average_velocity_error": 0.49684405226546985, "relative_maximum_velocity_error": 3.1456799325865217, "std_velocity_error": 0.24408091962910616, "average_trajectory_error": 6.2508669167496285, "relative_maximum_trajectory_error": 1.8225484365204339, "std_trajectory_error": 3.1090563340778843, "relative_distance_error": 0.3223665566457814, "relative_form_transformed_trajectory_error": 0.29305120348244384, "scale_error": 0.11636857964526055, "translation_error": 5.760744607634167, "rotation_error": 26.6141457686493}