{"average_velocity_error": 0.5131136868149042, "relative_maximum_velocity_error": 3.9512693309348275, "std_velocity_error": 0.25943184386079127, "average_trajectory_error": 7.356656145074934, "relative_maximum_trajectory_error": 1.8999509087701556, "std_trajectory_error": 3.818439075524921, "relative_distance_error": 0.36963377824004817, "relative_form_transformed_trajectory_error": 0.2924401328962522, "scale_error": 0.17982453353881653, "translation_error": 6.898852765678583, "rotation_error": 32.06596516630806}