{"average_velocity_error": 0.4729638049522272, "relative_maximum_velocity_error": 3.2298714471119228, "std_velocity_error": 0.24274472534083402, "average_trajectory_error": 5.959428073874971, "relative_maximum_trajectory_error": 1.8337591313909736, "std_trajectory_error": 2.9609418083738532, "relative_distance_error": 0.3588588423373037, "relative_form_transformed_trajectory_error": 0.31766356083228164, "scale_error": 0.15387650855751395, "translation_error": 5.457720730279442, "rotation_error": 33.82045188519219}