{"average_velocity_error": 0.4254027530550957, "relative_maximum_velocity_error": 3.2918468550240334, "std_velocity_error": 0.22164744382294324, "average_trajectory_error": 8.21626812412499, "relative_maximum_trajectory_error": 1.847476960054812, "std_trajectory_error": 4.338544062836056, "relative_distance_error": 0.3699396767483493, "relative_form_transformed_trajectory_error": 0.29115401218472126, "scale_error": 0.20682769203923548, "translation_error": 7.769769779592109, "rotation_error": 22.210128688141786}