{"average_velocity_error": 0.4708120928933987, "relative_maximum_velocity_error": 3.0960008716063205, "std_velocity_error": 0.2391413188037964, "average_trajectory_error": 9.019204165648832, "relative_maximum_trajectory_error": 1.7890493038059958, "std_trajectory_error": 4.565310646979016, "relative_distance_error": 0.39324004232595655, "relative_form_transformed_trajectory_error": 0.2893101894797805, "scale_error": 0.22904142808924385, "translation_error": 8.550906426076521, "rotation_error": 24.346875631768317}