{"average_velocity_error": 0.42366842882564437, "relative_maximum_velocity_error": 3.2905139128049967, "std_velocity_error": 0.22247077725254572, "average_trajectory_error": 7.996287056817767, "relative_maximum_trajectory_error": 1.8180707441163066, "std_trajectory_error": 4.038258195683921, "relative_distance_error": 0.36675129394128436, "relative_form_transformed_trajectory_error": 0.3015808576804097, "scale_error": 0.20499821813188068, "translation_error": 7.552519391011158, "rotation_error": 21.233714318685053}