{"average_velocity_error": 0.4444650001823902, "relative_maximum_velocity_error": 3.1505985440922593, "std_velocity_error": 0.22308383222955924, "average_trajectory_error": 7.634284293955214, "relative_maximum_trajectory_error": 1.8117225471448808, "std_trajectory_error": 3.793259098337361, "relative_distance_error": 0.33386712762811677, "relative_form_transformed_trajectory_error": 0.31405158287058366, "scale_error": 0.15462810439044164, "translation_error": 7.098592718691491, "rotation_error": 24.80691358851417}