{"average_velocity_error": 0.4519654429302766, "relative_maximum_velocity_error": 3.2657652320888646, "std_velocity_error": 0.23663859255611897, "average_trajectory_error": 8.00068442398859, "relative_maximum_trajectory_error": 1.8068854648886974, "std_trajectory_error": 3.965823795137123, "relative_distance_error": 0.34337910267929783, "relative_form_transformed_trajectory_error": 0.2917321501748079, "scale_error": 0.26720181947665017, "translation_error": 7.54103090126269, "rotation_error": 22.86724774979332}