{"average_velocity_error": 0.4249093837033098, "relative_maximum_velocity_error": 3.273682829139317, "std_velocity_error": 0.22609460841004664, "average_trajectory_error": 8.573852606297079, "relative_maximum_trajectory_error": 1.805227987430481, "std_trajectory_error": 4.373881611212214, "relative_distance_error": 0.37784786667630704, "relative_form_transformed_trajectory_error": 0.29603050986479607, "scale_error": 0.2603447587923158, "translation_error": 8.104449310994017, "rotation_error": 23.925768806712476}