{"average_velocity_error": 0.44611712702764916, "relative_maximum_velocity_error": 3.2274774006278335, "std_velocity_error": 0.23147956009667653, "average_trajectory_error": 7.645802720454689, "relative_maximum_trajectory_error": 1.8318814010692333, "std_trajectory_error": 3.852748432638564, "relative_distance_error": 0.30292778708950097, "relative_form_transformed_trajectory_error": 0.30207189786414523, "scale_error": 0.13306478525729842, "translation_error": 7.1160452180907106, "rotation_error": 23.671297783940137}