{"average_velocity_error": 0.429981611454143, "relative_maximum_velocity_error": 3.2758229114376083, "std_velocity_error": 0.22526025872391003, "average_trajectory_error": 8.377871943796487, "relative_maximum_trajectory_error": 1.8765300800396434, "std_trajectory_error": 4.352096201219087, "relative_distance_error": 0.3773048595763357, "relative_form_transformed_trajectory_error": 0.30219947488225113, "scale_error": 0.2340841728427741, "translation_error": 7.896341599719796, "rotation_error": 23.44866822613196}