{"average_velocity_error": 0.44524406426801133, "relative_maximum_velocity_error": 3.069383120288067, "std_velocity_error": 0.22223507254742658, "average_trajectory_error": 8.657205696461249, "relative_maximum_trajectory_error": 1.8730149802952345, "std_trajectory_error": 4.558169824191031, "relative_distance_error": 0.37842273202104815, "relative_form_transformed_trajectory_error": 0.30255041997476567, "scale_error": 0.20531802005421554, "translation_error": 8.169510264683568, "rotation_error": 22.10922000117252}