{"average_velocity_error": 0.43328711562431776, "relative_maximum_velocity_error": 3.200950828054067, "std_velocity_error": 0.22576495324476406, "average_trajectory_error": 8.51373907693986, "relative_maximum_trajectory_error": 1.8600567507214452, "std_trajectory_error": 4.383570008214016, "relative_distance_error": 0.38832866619150813, "relative_form_transformed_trajectory_error": 0.3088049418664805, "scale_error": 0.2960400695978602, "translation_error": 7.970615149311514, "rotation_error": 23.95769921188948}