{"average_velocity_error": 0.46810450361898315, "relative_maximum_velocity_error": 3.1131778707352327, "std_velocity_error": 0.23335581752829826, "average_trajectory_error": 8.246591793521642, "relative_maximum_trajectory_error": 1.8225509535389162, "std_trajectory_error": 4.1251586183549, "relative_distance_error": 0.33290121843809745, "relative_form_transformed_trajectory_error": 0.3008677735541446, "scale_error": 0.16034130612262848, "translation_error": 7.757460561997901, "rotation_error": 22.588711550784918}