{"average_velocity_error": 0.4744723208535176, "relative_maximum_velocity_error": 3.210649149729792, "std_velocity_error": 0.24807936168060854, "average_trajectory_error": 8.384749825996217, "relative_maximum_trajectory_error": 1.7680316449836275, "std_trajectory_error": 4.128827162363227, "relative_distance_error": 0.31470464330313186, "relative_form_transformed_trajectory_error": 0.3118007077752584, "scale_error": 0.2164336077982252, "translation_error": 7.811223178498374, "rotation_error": 22.319130120432987}