{"average_velocity_error": 0.4618222787976265, "relative_maximum_velocity_error": 3.0737664799314928, "std_velocity_error": 0.23580466912916073, "average_trajectory_error": 8.262503488517087, "relative_maximum_trajectory_error": 1.8516084425667911, "std_trajectory_error": 4.264092909633595, "relative_distance_error": 0.33616934076618227, "relative_form_transformed_trajectory_error": 0.2985192243935555, "scale_error": 0.1681758133405597, "translation_error": 7.740892239527058, "rotation_error": 25.82479566238165}