{"average_velocity_error": 0.41439582619632226, "relative_maximum_velocity_error": 3.6131819206281954, "std_velocity_error": 0.22024751454407715, "average_trajectory_error": 8.148191472065019, "relative_maximum_trajectory_error": 1.8494795686225216, "std_trajectory_error": 4.219578588308966, "relative_distance_error": 0.3878621310744785, "relative_form_transformed_trajectory_error": 0.29692441007982684, "scale_error": 0.25189135614871494, "translation_error": 7.685554318836828, "rotation_error": 21.202515200612613}