{"average_velocity_error": 0.4890203285389222, "relative_maximum_velocity_error": 3.0830792234164757, "std_velocity_error": 0.24592550206356323, "average_trajectory_error": 8.835366755992963, "relative_maximum_trajectory_error": 1.8253305546410639, "std_trajectory_error": 4.439563794544719, "relative_distance_error": 0.3416252150017381, "relative_form_transformed_trajectory_error": 0.2925626410360326, "scale_error": 0.171255509248964, "translation_error": 8.408837141780918, "rotation_error": 19.935463311517175}