{"average_velocity_error": 0.42786158277438235, "relative_maximum_velocity_error": 3.3103739240874854, "std_velocity_error": 0.2264147185935424, "average_trajectory_error": 8.647235090881221, "relative_maximum_trajectory_error": 1.8117898069129927, "std_trajectory_error": 4.459754388909032, "relative_distance_error": 0.39233293376282197, "relative_form_transformed_trajectory_error": 0.2811861542932662, "scale_error": 0.26042476376655704, "translation_error": 8.218889727368873, "rotation_error": 21.6707084391828}