{"average_velocity_error": 0.5139905970830184, "relative_maximum_velocity_error": 2.995979172991846, "std_velocity_error": 0.24414948001503944, "average_trajectory_error": 9.05130857287158, "relative_maximum_trajectory_error": 1.8423179932185325, "std_trajectory_error": 4.646075555233917, "relative_distance_error": 0.28742676954025215, "relative_form_transformed_trajectory_error": 0.2965991017746188, "scale_error": 0.21198144823090728, "translation_error": 8.476834191171076, "rotation_error": 27.62446611512036}