{"average_velocity_error": 0.44587470232867277, "relative_maximum_velocity_error": 3.1380922818478263, "std_velocity_error": 0.22522557598467058, "average_trajectory_error": 8.974626967507378, "relative_maximum_trajectory_error": 1.8633360047845544, "std_trajectory_error": 4.818137372839045, "relative_distance_error": 0.38303033902857686, "relative_form_transformed_trajectory_error": 0.27318848821321373, "scale_error": 0.27505435813580054, "translation_error": 8.528813320765128, "rotation_error": 21.93590759598527}