{"average_velocity_error": 0.4729320720697825, "relative_maximum_velocity_error": 2.9883642714327596, "std_velocity_error": 0.2308383294596122, "average_trajectory_error": 10.00724615073015, "relative_maximum_trajectory_error": 1.8462585892931638, "std_trajectory_error": 5.201685156661314, "relative_distance_error": 0.40177360118107897, "relative_form_transformed_trajectory_error": 0.2960791576898915, "scale_error": 0.24888129167499487, "translation_error": 9.48539919400232, "rotation_error": 24.47917758777576}