{"average_velocity_error": 0.4424664377449797, "relative_maximum_velocity_error": 3.184178581676787, "std_velocity_error": 0.2260898962043799, "average_trajectory_error": 8.471025704751883, "relative_maximum_trajectory_error": 1.82783399092299, "std_trajectory_error": 4.281242027952477, "relative_distance_error": 0.36050890380320955, "relative_form_transformed_trajectory_error": 0.3016915624382683, "scale_error": 0.20211836115153067, "translation_error": 8.004459984164003, "rotation_error": 24.32830589154096}