{"average_velocity_error": 0.4453612813869348, "relative_maximum_velocity_error": 3.0569272671173193, "std_velocity_error": 0.21878598157603008, "average_trajectory_error": 8.77228831559146, "relative_maximum_trajectory_error": 1.884744654883737, "std_trajectory_error": 4.665318696873269, "relative_distance_error": 0.34610180860545126, "relative_form_transformed_trajectory_error": 0.29146222962200724, "scale_error": 0.2130308907129224, "translation_error": 8.282662367356197, "rotation_error": 23.220421613039544}