{"average_velocity_error": 0.44346031818825465, "relative_maximum_velocity_error": 3.145443569934806, "std_velocity_error": 0.2292892443589293, "average_trajectory_error": 8.308556444237645, "relative_maximum_trajectory_error": 1.831519821600697, "std_trajectory_error": 4.1605020941633475, "relative_distance_error": 0.3737958503301219, "relative_form_transformed_trajectory_error": 0.31305055124341014, "scale_error": 0.18130238945158544, "translation_error": 7.801706174651211, "rotation_error": 23.328485737756093}