{"average_velocity_error": 0.44969877400077307, "relative_maximum_velocity_error": 3.235096204706601, "std_velocity_error": 0.23431897980089372, "average_trajectory_error": 8.198384314496582, "relative_maximum_trajectory_error": 1.8158144339648148, "std_trajectory_error": 4.1803720616475095, "relative_distance_error": 0.33658753602075653, "relative_form_transformed_trajectory_error": 0.29915813969357213, "scale_error": 0.16773912215407927, "translation_error": 7.721453587845322, "rotation_error": 26.7577791754536}