{"average_velocity_error": 0.4639658840516439, "relative_maximum_velocity_error": 3.0831589627282345, "std_velocity_error": 0.22884704229923394, "average_trajectory_error": 9.230064517192131, "relative_maximum_trajectory_error": 1.8996000377113806, "std_trajectory_error": 4.946260034084286, "relative_distance_error": 0.3862594141873211, "relative_form_transformed_trajectory_error": 0.2994411228440217, "scale_error": 0.22789451126961854, "translation_error": 8.720408375404102, "rotation_error": 22.20178128841966}