{"average_velocity_error": 0.42568549950822043, "relative_maximum_velocity_error": 3.3477282407615396, "std_velocity_error": 0.22832367153694996, "average_trajectory_error": 7.998468530097238, "relative_maximum_trajectory_error": 1.838706966023949, "std_trajectory_error": 4.205434536806129, "relative_distance_error": 0.35788060890046114, "relative_form_transformed_trajectory_error": 0.31461323090099663, "scale_error": 0.23365006372939193, "translation_error": 7.5636643638172565, "rotation_error": 22.614356559049284}