{"average_velocity_error": 0.43478567253511685, "relative_maximum_velocity_error": 3.243324341139242, "std_velocity_error": 0.2259781789034605, "average_trajectory_error": 8.792640448647838, "relative_maximum_trajectory_error": 1.7886312743238422, "std_trajectory_error": 4.451314167788033, "relative_distance_error": 0.3628611890089829, "relative_form_transformed_trajectory_error": 0.2920324660761676, "scale_error": 0.2053289766207242, "translation_error": 8.331779964562667, "rotation_error": 23.583159201072394}