{"average_velocity_error": 0.4108743481136584, "relative_maximum_velocity_error": 3.6469787255888892, "std_velocity_error": 0.21915784921048986, "average_trajectory_error": 7.541382748291903, "relative_maximum_trajectory_error": 1.856564094218259, "std_trajectory_error": 3.861467267751529, "relative_distance_error": 0.3754697671672083, "relative_form_transformed_trajectory_error": 0.3147331344669251, "scale_error": 0.2432214329424574, "translation_error": 7.057518005661619, "rotation_error": 20.68013364005572}