{"average_velocity_error": 0.4435804894623848, "relative_maximum_velocity_error": 3.168641390129836, "std_velocity_error": 0.23112973047850224, "average_trajectory_error": 8.14216378763991, "relative_maximum_trajectory_error": 1.772019095345373, "std_trajectory_error": 4.188255431310368, "relative_distance_error": 0.3436152505730258, "relative_form_transformed_trajectory_error": 0.3014553209706377, "scale_error": 0.16835595286983013, "translation_error": 7.7014037973412615, "rotation_error": 18.827771810535065}