{"average_velocity_error": 0.4121097870417916, "relative_maximum_velocity_error": 3.636850201244179, "std_velocity_error": 0.2197019547158317, "average_trajectory_error": 7.534051973000085, "relative_maximum_trajectory_error": 1.8593122904500334, "std_trajectory_error": 3.862337027165485, "relative_distance_error": 0.37647847546851937, "relative_form_transformed_trajectory_error": 0.3153151531592615, "scale_error": 0.25058897570131083, "translation_error": 7.046229824143353, "rotation_error": 20.585869682990456}