{"average_velocity_error": 0.43703913488067114, "relative_maximum_velocity_error": 3.239182750631915, "std_velocity_error": 0.22689413472723502, "average_trajectory_error": 7.5477083927188096, "relative_maximum_trajectory_error": 1.8316168236490016, "std_trajectory_error": 3.8136041797134586, "relative_distance_error": 0.35530424058628857, "relative_form_transformed_trajectory_error": 0.2997143085791842, "scale_error": 0.16016060441308072, "translation_error": 7.067695469366469, "rotation_error": 23.539575631276612}