{"average_velocity_error": 0.41145961822893873, "relative_maximum_velocity_error": 3.635845759334557, "std_velocity_error": 0.21942117254843707, "average_trajectory_error": 7.506998087002144, "relative_maximum_trajectory_error": 1.8481882301971124, "std_trajectory_error": 3.8397168484030235, "relative_distance_error": 0.37172498715591185, "relative_form_transformed_trajectory_error": 0.31544117776596764, "scale_error": 0.21849084788907772, "translation_error": 7.022948753595936, "rotation_error": 20.63791479994422}