{"average_velocity_error": 0.46585941472305703, "relative_maximum_velocity_error": 3.117133271401797, "std_velocity_error": 0.2327050301604546, "average_trajectory_error": 8.451600820732116, "relative_maximum_trajectory_error": 1.8617957566628793, "std_trajectory_error": 4.400299949413226, "relative_distance_error": 0.36402694830078947, "relative_form_transformed_trajectory_error": 0.3027622845566933, "scale_error": 0.21206637067507556, "translation_error": 7.923367190784953, "rotation_error": 25.817472001795768}