{"average_velocity_error": 0.43091515294061256, "relative_maximum_velocity_error": 3.3044182538533695, "std_velocity_error": 0.22728558543782967, "average_trajectory_error": 8.350851238972382, "relative_maximum_trajectory_error": 1.8495768845619516, "std_trajectory_error": 4.39291218538858, "relative_distance_error": 0.36204264608795317, "relative_form_transformed_trajectory_error": 0.29855722864804257, "scale_error": 0.24796785764395135, "translation_error": 7.842831456531186, "rotation_error": 22.223751605316412}