{"average_velocity_error": 0.41344392384983497, "relative_maximum_velocity_error": 3.6239266324929695, "std_velocity_error": 0.2199868723666079, "average_trajectory_error": 7.497854840899166, "relative_maximum_trajectory_error": 1.8573428420017892, "std_trajectory_error": 3.8257431987324035, "relative_distance_error": 0.3754961519113897, "relative_form_transformed_trajectory_error": 0.31774701801835736, "scale_error": 0.2517066263833867, "translation_error": 7.007069912303687, "rotation_error": 20.63158147823537}