{"average_velocity_error": 0.440527735851132, "relative_maximum_velocity_error": 3.1646268483069115, "std_velocity_error": 0.226099254993292, "average_trajectory_error": 8.518323288800872, "relative_maximum_trajectory_error": 1.8693861597293422, "std_trajectory_error": 4.313886684850141, "relative_distance_error": 0.3676413018528386, "relative_form_transformed_trajectory_error": 0.30894508800911835, "scale_error": 0.2010487594222128, "translation_error": 7.995960537462187, "rotation_error": 24.82427132930252}