{"average_velocity_error": 0.41145428629780956, "relative_maximum_velocity_error": 3.6465922167867553, "std_velocity_error": 0.22010580560296045, "average_trajectory_error": 7.588576566557169, "relative_maximum_trajectory_error": 1.8509684296251894, "std_trajectory_error": 3.890534626706719, "relative_distance_error": 0.37564515086760675, "relative_form_transformed_trajectory_error": 0.3123372452810604, "scale_error": 0.22535102646465405, "translation_error": 7.102238698988406, "rotation_error": 20.853820594470807}