{"average_velocity_error": 0.6872111593635337, "relative_maximum_velocity_error": 3.2272097750102353, "std_velocity_error": 0.33924593154377153, "average_trajectory_error": 4.483739031753003, "relative_maximum_trajectory_error": 1.911594193181263, "std_trajectory_error": 2.195341437241149, "relative_distance_error": 0.24273125090498449, "relative_form_transformed_trajectory_error": 0.5634315903267355, "scale_error": 0.042066753921146616, "translation_error": 3.4858311589189794, "rotation_error": 15.395979421641323}