{"average_velocity_error": 0.6857232700997186, "relative_maximum_velocity_error": 3.226760177381652, "std_velocity_error": 0.3382798857552913, "average_trajectory_error": 4.426272764173009, "relative_maximum_trajectory_error": 1.9046944390839893, "std_trajectory_error": 2.1670442291426855, "relative_distance_error": 0.2513663107339752, "relative_form_transformed_trajectory_error": 0.5729525468126578, "scale_error": 0.03760584555376756, "translation_error": 3.4457365199806227, "rotation_error": 15.119258179061697}