{"average_velocity_error": 0.6615036500310435, "relative_maximum_velocity_error": 3.2566319882057138, "std_velocity_error": 0.32613049693477963, "average_trajectory_error": 4.31897233042784, "relative_maximum_trajectory_error": 1.920075921748934, "std_trajectory_error": 2.1123930340295756, "relative_distance_error": 0.2535168244557378, "relative_form_transformed_trajectory_error": 0.5853979120906506, "scale_error": 0.03774322218056265, "translation_error": 3.376637439240465, "rotation_error": 14.671765326667503}