{"average_velocity_error": 0.6714228435052114, "relative_maximum_velocity_error": 3.2312031426246905, "std_velocity_error": 0.32358429476307604, "average_trajectory_error": 4.088900603284565, "relative_maximum_trajectory_error": 1.940728724671843, "std_trajectory_error": 2.0183367900215496, "relative_distance_error": 0.2529069169849084, "relative_form_transformed_trajectory_error": 0.5845569972234392, "scale_error": 0.03534329050342895, "translation_error": 3.193679853759975, "rotation_error": 14.779562541693565}