{"average_velocity_error": 0.6853595498985458, "relative_maximum_velocity_error": 3.186572704322519, "std_velocity_error": 0.3352461154889135, "average_trajectory_error": 4.5082486479004364, "relative_maximum_trajectory_error": 1.9065577445737756, "std_trajectory_error": 2.202993273538099, "relative_distance_error": 0.2678052097889628, "relative_form_transformed_trajectory_error": 0.5690051686051488, "scale_error": 0.0469955874506406, "translation_error": 3.5590141751662006, "rotation_error": 14.731962089936713}