{"average_velocity_error": 0.6811821214059024, "relative_maximum_velocity_error": 3.2705682215604663, "std_velocity_error": 0.3403114975222106, "average_trajectory_error": 4.452958584263518, "relative_maximum_trajectory_error": 1.9176259726702374, "std_trajectory_error": 2.1936514432189673, "relative_distance_error": 0.23342934322776368, "relative_form_transformed_trajectory_error": 0.5669902430558109, "scale_error": 0.04201673635138817, "translation_error": 3.4562498108643678, "rotation_error": 15.499714790749865}