{"average_velocity_error": 0.670491106639415, "relative_maximum_velocity_error": 3.233014594595945, "std_velocity_error": 0.32324459105066944, "average_trajectory_error": 4.072906579259213, "relative_maximum_trajectory_error": 1.9427994879888573, "std_trajectory_error": 2.012774261933689, "relative_distance_error": 0.2534248719120284, "relative_form_transformed_trajectory_error": 0.585909154962956, "scale_error": 0.03535214993534037, "translation_error": 3.1779692053899335, "rotation_error": 14.791546623021029}