{"average_velocity_error": 0.7024858350169312, "relative_maximum_velocity_error": 3.1879836125288397, "std_velocity_error": 0.34287623547523927, "average_trajectory_error": 4.474632891259497, "relative_maximum_trajectory_error": 1.9161638576520075, "std_trajectory_error": 2.2052693217645474, "relative_distance_error": 0.2622045602097167, "relative_form_transformed_trajectory_error": 0.5720758343276411, "scale_error": 0.047843616079202164, "translation_error": 3.5033689608703655, "rotation_error": 15.531334147651242}