{"average_velocity_error": 0.6712126158250188, "relative_maximum_velocity_error": 3.2414858137991724, "std_velocity_error": 0.33190537291099725, "average_trajectory_error": 4.359475063988834, "relative_maximum_trajectory_error": 1.9265040122975667, "std_trajectory_error": 2.1419266094404326, "relative_distance_error": 0.24850140057324888, "relative_form_transformed_trajectory_error": 0.5808613214693231, "scale_error": 0.040468467756095514, "translation_error": 3.4011219651441, "rotation_error": 15.124427119682798}