{"average_velocity_error": 0.6685207470238788, "relative_maximum_velocity_error": 3.2647566513135478, "std_velocity_error": 0.3309580853878005, "average_trajectory_error": 4.308529522361098, "relative_maximum_trajectory_error": 1.9293360177133718, "std_trajectory_error": 2.1159762633740438, "relative_distance_error": 0.24636647813111662, "relative_form_transformed_trajectory_error": 0.5716616247266246, "scale_error": 0.03956289559289556, "translation_error": 3.363170054171924, "rotation_error": 15.300386403828195}