{"average_velocity_error": 0.6955597781151244, "relative_maximum_velocity_error": 3.1994296702168845, "std_velocity_error": 0.3390109632345079, "average_trajectory_error": 4.578545931491946, "relative_maximum_trajectory_error": 1.9248191527178224, "std_trajectory_error": 2.2664668916796566, "relative_distance_error": 0.25695751487485374, "relative_form_transformed_trajectory_error": 0.5707618738291388, "scale_error": 0.043380691549511435, "translation_error": 3.57628581790885, "rotation_error": 15.167437532507373}