{"average_velocity_error": 0.6814217190574674, "relative_maximum_velocity_error": 3.268178540387166, "std_velocity_error": 0.33835626143998315, "average_trajectory_error": 4.470440629745311, "relative_maximum_trajectory_error": 1.9078245614468787, "std_trajectory_error": 2.1883620527579812, "relative_distance_error": 0.24815864628905177, "relative_form_transformed_trajectory_error": 0.567384549492168, "scale_error": 0.043478238398061975, "translation_error": 3.5192401237143276, "rotation_error": 14.607773853433967}