{"average_velocity_error": 0.6854125568733632, "relative_maximum_velocity_error": 3.212635669576247, "std_velocity_error": 0.335966546667143, "average_trajectory_error": 4.483584301600523, "relative_maximum_trajectory_error": 1.9235460553781603, "std_trajectory_error": 2.2229998827970796, "relative_distance_error": 0.25174777954362987, "relative_form_transformed_trajectory_error": 0.5766705365390313, "scale_error": 0.048120757709417886, "translation_error": 3.495298409150967, "rotation_error": 15.00076251237397}