{"average_velocity_error": 0.7013733700207136, "relative_maximum_velocity_error": 3.202415744123186, "std_velocity_error": 0.34141781738082183, "average_trajectory_error": 4.488072088736023, "relative_maximum_trajectory_error": 1.9208695393251187, "std_trajectory_error": 2.2080377158803146, "relative_distance_error": 0.25385399015687216, "relative_form_transformed_trajectory_error": 0.5695156786287416, "scale_error": 0.0403470275923667, "translation_error": 3.5146520902772473, "rotation_error": 15.379893059433343}