{"average_velocity_error": 0.6740741209642401, "relative_maximum_velocity_error": 3.2477626814262797, "std_velocity_error": 0.3326036984336029, "average_trajectory_error": 4.284660465108164, "relative_maximum_trajectory_error": 1.913745109881144, "std_trajectory_error": 2.105865795980052, "relative_distance_error": 0.246017681911075, "relative_form_transformed_trajectory_error": 0.5780264552751563, "scale_error": 0.03931900584198844, "translation_error": 3.343710320991533, "rotation_error": 15.409813872523017}