{"average_velocity_error": 0.7000881105082707, "relative_maximum_velocity_error": 3.155552592545646, "std_velocity_error": 0.3383779363724792, "average_trajectory_error": 4.6620673796769925, "relative_maximum_trajectory_error": 1.9219171043772765, "std_trajectory_error": 2.304652048635231, "relative_distance_error": 0.25794792709244774, "relative_form_transformed_trajectory_error": 0.5764504661704819, "scale_error": 0.04938447817563495, "translation_error": 3.6501541397626323, "rotation_error": 15.949659681555094}