{"average_velocity_error": 0.6797689574146734, "relative_maximum_velocity_error": 3.2237143793215597, "std_velocity_error": 0.33543686355346614, "average_trajectory_error": 4.463375852823159, "relative_maximum_trajectory_error": 1.9131058531981278, "std_trajectory_error": 2.1841474142896544, "relative_distance_error": 0.256951548309715, "relative_form_transformed_trajectory_error": 0.5731936312567161, "scale_error": 0.040946128987077085, "translation_error": 3.493485195935955, "rotation_error": 15.434989116836507}