{"average_velocity_error": 0.6714708533908129, "relative_maximum_velocity_error": 3.236314272469642, "std_velocity_error": 0.3238958036994927, "average_trajectory_error": 4.071483831993559, "relative_maximum_trajectory_error": 1.943422691702716, "std_trajectory_error": 2.010725405312267, "relative_distance_error": 0.2522384199231356, "relative_form_transformed_trajectory_error": 0.5866476328954532, "scale_error": 0.03559971363786597, "translation_error": 3.1755920582048653, "rotation_error": 14.737732981129914}