{"average_velocity_error": 0.6754308368263611, "relative_maximum_velocity_error": 3.231501521787807, "std_velocity_error": 0.3256332673907576, "average_trajectory_error": 4.081264017790925, "relative_maximum_trajectory_error": 1.943773567456033, "std_trajectory_error": 2.01835048983376, "relative_distance_error": 0.25180907238862393, "relative_form_transformed_trajectory_error": 0.5869537708960266, "scale_error": 0.036269865590228795, "translation_error": 3.1794059607570238, "rotation_error": 14.700337885852802}