{"average_velocity_error": 0.6785543837304254, "relative_maximum_velocity_error": 3.2316042415440207, "std_velocity_error": 0.3352108914947626, "average_trajectory_error": 4.406909501750262, "relative_maximum_trajectory_error": 1.9176038617597355, "std_trajectory_error": 2.160944809788318, "relative_distance_error": 0.24160061538364003, "relative_form_transformed_trajectory_error": 0.5696657098946828, "scale_error": 0.03979983805391133, "translation_error": 3.4560004151880075, "rotation_error": 15.136538699517711}