{"average_velocity_error": 0.700237238797748, "relative_maximum_velocity_error": 3.177971490137954, "std_velocity_error": 0.33932913174328294, "average_trajectory_error": 4.450601881905385, "relative_maximum_trajectory_error": 1.9122547731975341, "std_trajectory_error": 2.176421136956914, "relative_distance_error": 0.2641493394653707, "relative_form_transformed_trajectory_error": 0.5789634264843964, "scale_error": 0.039679363909576916, "translation_error": 3.513805519311668, "rotation_error": 15.031389013324299}