{"average_velocity_error": 0.6948860645004846, "relative_maximum_velocity_error": 3.2266799154235994, "std_velocity_error": 0.3417561452076273, "average_trajectory_error": 4.5468220901886225, "relative_maximum_trajectory_error": 1.9275293665686182, "std_trajectory_error": 2.2515884976804146, "relative_distance_error": 0.24089805888869903, "relative_form_transformed_trajectory_error": 0.5724872130934993, "scale_error": 0.044701307583799636, "translation_error": 3.5366305081331717, "rotation_error": 14.995184400903579}