{"average_velocity_error": 0.6845671451352175, "relative_maximum_velocity_error": 3.229535735171416, "std_velocity_error": 0.3371091294780518, "average_trajectory_error": 4.377443451704643, "relative_maximum_trajectory_error": 1.9234265781304616, "std_trajectory_error": 2.1528355253025167, "relative_distance_error": 0.2453881606835329, "relative_form_transformed_trajectory_error": 0.5776629017295912, "scale_error": 0.038326477721807944, "translation_error": 3.44334979413448, "rotation_error": 14.768043048424632}