{"average_velocity_error": 0.7103599450252589, "relative_maximum_velocity_error": 3.145402041313298, "std_velocity_error": 0.342544234421068, "average_trajectory_error": 4.467344278875584, "relative_maximum_trajectory_error": 1.9385389727934568, "std_trajectory_error": 2.217192047645767, "relative_distance_error": 0.25247105014013477, "relative_form_transformed_trajectory_error": 0.5915924407232847, "scale_error": 0.04318520290494213, "translation_error": 3.4596544831026383, "rotation_error": 15.19279742545624}