{"average_velocity_error": 0.6726235226845677, "relative_maximum_velocity_error": 3.236802809023746, "std_velocity_error": 0.32444024828898554, "average_trajectory_error": 4.073756223234549, "relative_maximum_trajectory_error": 1.9435153806728271, "std_trajectory_error": 2.012664356360023, "relative_distance_error": 0.2516574335405801, "relative_form_transformed_trajectory_error": 0.5867713775913169, "scale_error": 0.035887861799299016, "translation_error": 3.174253219691632, "rotation_error": 14.720654227954963}