{"average_velocity_error": 0.677098695948286, "relative_maximum_velocity_error": 3.2519009112603654, "std_velocity_error": 0.33300398275690174, "average_trajectory_error": 4.4056011180554195, "relative_maximum_trajectory_error": 1.916448408935229, "std_trajectory_error": 2.1761042232450123, "relative_distance_error": 0.25606860209105103, "relative_form_transformed_trajectory_error": 0.5784139455420143, "scale_error": 0.036967442867364454, "translation_error": 3.4619337925826494, "rotation_error": 15.346539370913531}