{"average_velocity_error": 0.6794010519402699, "relative_maximum_velocity_error": 3.2655776758395487, "std_velocity_error": 0.33624768694772306, "average_trajectory_error": 4.441118877038593, "relative_maximum_trajectory_error": 1.9204254091910817, "std_trajectory_error": 2.196443747731826, "relative_distance_error": 0.24654660594166591, "relative_form_transformed_trajectory_error": 0.5747422488539822, "scale_error": 0.038795435130654414, "translation_error": 3.475392627491451, "rotation_error": 15.242457249446243}