{"average_velocity_error": 0.703685091898858, "relative_maximum_velocity_error": 3.1822273844257034, "std_velocity_error": 0.34108721938671416, "average_trajectory_error": 4.470003256182668, "relative_maximum_trajectory_error": 1.9309007131674956, "std_trajectory_error": 2.210612590784785, "relative_distance_error": 0.2598432785693162, "relative_form_transformed_trajectory_error": 0.5684088019809962, "scale_error": 0.047260333190807226, "translation_error": 3.4666684383194917, "rotation_error": 15.21771266701885}