{"average_velocity_error": 0.6709555765812837, "relative_maximum_velocity_error": 3.233889223059998, "std_velocity_error": 0.3292401589597892, "average_trajectory_error": 4.326394507078474, "relative_maximum_trajectory_error": 1.9316135134452226, "std_trajectory_error": 2.1350785343629837, "relative_distance_error": 0.25615966360770553, "relative_form_transformed_trajectory_error": 0.5752172022320517, "scale_error": 0.039251603860503165, "translation_error": 3.3901843981842985, "rotation_error": 14.521926734400079}