{"average_velocity_error": 0.667311505568259, "relative_maximum_velocity_error": 3.2328636544813, "std_velocity_error": 0.3275930442422339, "average_trajectory_error": 4.355435195988931, "relative_maximum_trajectory_error": 1.9146568009192244, "std_trajectory_error": 2.15235622193475, "relative_distance_error": 0.2585666906022004, "relative_form_transformed_trajectory_error": 0.5759894506167716, "scale_error": 0.040805084244613356, "translation_error": 3.43339182327843, "rotation_error": 14.981779857698575}