{"average_velocity_error": 0.6883357009552058, "relative_maximum_velocity_error": 3.254711593376153, "std_velocity_error": 0.34224493544801926, "average_trajectory_error": 4.374354601314531, "relative_maximum_trajectory_error": 1.9234240428212641, "std_trajectory_error": 2.165594031830744, "relative_distance_error": 0.23769810462090407, "relative_form_transformed_trajectory_error": 0.5712158587317314, "scale_error": 0.04512912640609022, "translation_error": 3.3874227442674374, "rotation_error": 15.107651334630402}