{"average_velocity_error": 0.6699020063308069, "relative_maximum_velocity_error": 3.2341033634857665, "std_velocity_error": 0.32254798802468343, "average_trajectory_error": 4.094376091229201, "relative_maximum_trajectory_error": 1.9371129305470434, "std_trajectory_error": 2.0205026469687444, "relative_distance_error": 0.2527376198009097, "relative_form_transformed_trajectory_error": 0.5841392405836192, "scale_error": 0.03460694890405468, "translation_error": 3.203013606609416, "rotation_error": 14.764114478456651}