{"average_velocity_error": 0.6829668104069905, "relative_maximum_velocity_error": 3.2184915954680657, "std_velocity_error": 0.33807560711086376, "average_trajectory_error": 4.39126868684776, "relative_maximum_trajectory_error": 1.9121580245899816, "std_trajectory_error": 2.158370199877261, "relative_distance_error": 0.2507951691760195, "relative_form_transformed_trajectory_error": 0.5750665251872948, "scale_error": 0.04153277540720702, "translation_error": 3.43818498580341, "rotation_error": 15.03734735701768}