{"average_velocity_error": 0.6810894286603604, "relative_maximum_velocity_error": 3.205464101326001, "std_velocity_error": 0.3345646711373792, "average_trajectory_error": 4.387316655888804, "relative_maximum_trajectory_error": 1.9308202546935467, "std_trajectory_error": 2.175591991618277, "relative_distance_error": 0.2466795803730497, "relative_form_transformed_trajectory_error": 0.581035707998755, "scale_error": 0.03937840660589041, "translation_error": 3.419625222226185, "rotation_error": 14.704699124322671}