{"average_velocity_error": 0.6710242589989912, "relative_maximum_velocity_error": 3.238075405246773, "std_velocity_error": 0.32984929481177655, "average_trajectory_error": 4.385713441875344, "relative_maximum_trajectory_error": 1.9244406557401113, "std_trajectory_error": 2.148788313930848, "relative_distance_error": 0.2554837891418452, "relative_form_transformed_trajectory_error": 0.5746080764229547, "scale_error": 0.03992752701327405, "translation_error": 3.4612889197586725, "rotation_error": 15.245882772017621}