{"average_velocity_error": 0.6885479240886216, "relative_maximum_velocity_error": 3.2289935311596154, "std_velocity_error": 0.3404120959847876, "average_trajectory_error": 4.4771949670850955, "relative_maximum_trajectory_error": 1.9235998218879082, "std_trajectory_error": 2.2049305931814724, "relative_distance_error": 0.25372230381518573, "relative_form_transformed_trajectory_error": 0.5780768619754942, "scale_error": 0.04590210588767837, "translation_error": 3.457364038650176, "rotation_error": 15.69374647900556}