{"average_velocity_error": 0.5272491780611185, "relative_maximum_velocity_error": 3.7235067085301057, "std_velocity_error": 0.3048691592919521, "average_trajectory_error": 24.86744949018065, "relative_maximum_trajectory_error": 1.9234988937725832, "std_trajectory_error": 13.002970649092394, "relative_distance_error": 0.35261067550764175, "relative_form_transformed_trajectory_error": 0.3189477159854663, "scale_error": 0.2325855346942801, "translation_error": 23.258294162556453, "rotation_error": 17.27036387881203}