{"average_velocity_error": 0.5269120648885385, "relative_maximum_velocity_error": 3.7942111332626145, "std_velocity_error": 0.3039219191250129, "average_trajectory_error": 30.02026295096827, "relative_maximum_trajectory_error": 1.9166203635602743, "std_trajectory_error": 15.846038119531373, "relative_distance_error": 0.3627005076105917, "relative_form_transformed_trajectory_error": 0.29153434071293605, "scale_error": 0.2974280738518448, "translation_error": 28.9062623114684, "rotation_error": 19.26938396341471}