{"average_velocity_error": 0.5142047708997359, "relative_maximum_velocity_error": 3.797597497188451, "std_velocity_error": 0.2927385805509029, "average_trajectory_error": 27.17160647436017, "relative_maximum_trajectory_error": 1.9273128513992224, "std_trajectory_error": 14.297448174328334, "relative_distance_error": 0.3575331159687809, "relative_form_transformed_trajectory_error": 0.2934833714528249, "scale_error": 0.2876450615945708, "translation_error": 25.798086042881533, "rotation_error": 13.112812696192044}