{"average_velocity_error": 0.5477406050150211, "relative_maximum_velocity_error": 3.669901801564765, "std_velocity_error": 0.29440018687492764, "average_trajectory_error": 31.29652638890716, "relative_maximum_trajectory_error": 1.918456708230575, "std_trajectory_error": 16.63950430768814, "relative_distance_error": 0.35922358187821596, "relative_form_transformed_trajectory_error": 0.2869578169081483, "scale_error": 0.31213413905948156, "translation_error": 30.057998318779816, "rotation_error": 21.373210868491277}