{"average_velocity_error": 0.5322550326967851, "relative_maximum_velocity_error": 3.6925449538339703, "std_velocity_error": 0.2914212114917926, "average_trajectory_error": 26.161469789491395, "relative_maximum_trajectory_error": 1.953659081188082, "std_trajectory_error": 13.833373937087613, "relative_distance_error": 0.38155402810088546, "relative_form_transformed_trajectory_error": 0.30707684991894824, "scale_error": 0.28119785762491517, "translation_error": 24.533425246618044, "rotation_error": 13.006236786663877}