{"average_velocity_error": 0.5042271551031333, "relative_maximum_velocity_error": 3.834828468422755, "std_velocity_error": 0.29385778766412, "average_trajectory_error": 24.132564480197022, "relative_maximum_trajectory_error": 1.883969209279992, "std_trajectory_error": 12.25530769560191, "relative_distance_error": 0.346025542667868, "relative_form_transformed_trajectory_error": 0.3196742984427072, "scale_error": 0.21195542231498657, "translation_error": 22.50827311040549, "rotation_error": 13.383788907466464}