{"average_velocity_error": 0.5086699896133863, "relative_maximum_velocity_error": 3.8252577539064556, "std_velocity_error": 0.2829527256007378, "average_trajectory_error": 25.622550223508664, "relative_maximum_trajectory_error": 1.9437119838376828, "std_trajectory_error": 13.670729625456433, "relative_distance_error": 0.3358167726172838, "relative_form_transformed_trajectory_error": 0.28656168355952955, "scale_error": 0.23187798592952774, "translation_error": 24.360643564595087, "rotation_error": 18.462255478011983}