{"average_velocity_error": 0.5044132327804198, "relative_maximum_velocity_error": 3.8427188076989207, "std_velocity_error": 0.27779460841646564, "average_trajectory_error": 20.777787266020717, "relative_maximum_trajectory_error": 1.8285801027225712, "std_trajectory_error": 10.04637792678155, "relative_distance_error": 0.32275230627125095, "relative_form_transformed_trajectory_error": 0.32716826100323393, "scale_error": 0.17701763087817762, "translation_error": 19.084228306775824, "rotation_error": 12.401551704534773}