{"average_velocity_error": 0.5240855551300905, "relative_maximum_velocity_error": 3.660771610107113, "std_velocity_error": 0.2935511404887224, "average_trajectory_error": 24.48158911816731, "relative_maximum_trajectory_error": 1.837975147835262, "std_trajectory_error": 12.08721850234814, "relative_distance_error": 0.33689062884358517, "relative_form_transformed_trajectory_error": 0.322605859438057, "scale_error": 0.23210385978700826, "translation_error": 23.0975136254297, "rotation_error": 15.190263183195047}