{"average_velocity_error": 0.5482381500112705, "relative_maximum_velocity_error": 3.6604205649480184, "std_velocity_error": 0.29742473172835815, "average_trajectory_error": 28.504744219887108, "relative_maximum_trajectory_error": 1.893225886684507, "std_trajectory_error": 15.043158316680488, "relative_distance_error": 0.3531347032229096, "relative_form_transformed_trajectory_error": 0.3097820762553986, "scale_error": 0.30044619768687325, "translation_error": 26.655775195124953, "rotation_error": 13.512061420530436}