{"average_velocity_error": 0.5180613507445042, "relative_maximum_velocity_error": 3.659902581809512, "std_velocity_error": 0.281938835978508, "average_trajectory_error": 24.470543786850588, "relative_maximum_trajectory_error": 1.8855192465274888, "std_trajectory_error": 12.373077970262353, "relative_distance_error": 0.3544549383358071, "relative_form_transformed_trajectory_error": 0.32072111446797547, "scale_error": 0.22922361451670498, "translation_error": 22.89235249939231, "rotation_error": 13.246910678384491}