{"average_velocity_error": 0.5312124953055993, "relative_maximum_velocity_error": 3.7380265125794474, "std_velocity_error": 0.2926083247248943, "average_trajectory_error": 19.214591614211894, "relative_maximum_trajectory_error": 1.9188426971293997, "std_trajectory_error": 9.653400624082611, "relative_distance_error": 0.28501244921033536, "relative_form_transformed_trajectory_error": 0.33511316904353916, "scale_error": 0.17876454084856916, "translation_error": 17.792694843357324, "rotation_error": 12.778533025295715}