{"average_velocity_error": 0.522029178073773, "relative_maximum_velocity_error": 3.761956257294646, "std_velocity_error": 0.28716665592331153, "average_trajectory_error": 26.10777460968545, "relative_maximum_trajectory_error": 1.917436209938038, "std_trajectory_error": 13.885096054049187, "relative_distance_error": 0.34861221398698783, "relative_form_transformed_trajectory_error": 0.3124732713927059, "scale_error": 0.2603244941451038, "translation_error": 24.666296413561252, "rotation_error": 13.050098236222624}