{"average_velocity_error": 0.48593662137649135, "relative_maximum_velocity_error": 3.9577246422463563, "std_velocity_error": 0.2723181910733879, "average_trajectory_error": 21.172673722260036, "relative_maximum_trajectory_error": 1.941969841564067, "std_trajectory_error": 10.954705119432216, "relative_distance_error": 0.3504260034312537, "relative_form_transformed_trajectory_error": 0.3170938344959876, "scale_error": 0.21212983425922233, "translation_error": 19.649800782607922, "rotation_error": 10.567479537061828}