{"average_velocity_error": 0.5141693586722399, "relative_maximum_velocity_error": 3.891253655334822, "std_velocity_error": 0.30314248332228416, "average_trajectory_error": 21.741411512912773, "relative_maximum_trajectory_error": 1.926136437692848, "std_trajectory_error": 10.95687934755059, "relative_distance_error": 0.3195727916898823, "relative_form_transformed_trajectory_error": 0.34132585048503833, "scale_error": 0.17427503113741308, "translation_error": 20.27271970124695, "rotation_error": 11.469254167404996}