{"average_velocity_error": 0.5043982041951938, "relative_maximum_velocity_error": 3.884099731491182, "std_velocity_error": 0.29224816222603506, "average_trajectory_error": 21.643429902590796, "relative_maximum_trajectory_error": 1.8278611344510312, "std_trajectory_error": 10.71055634269616, "relative_distance_error": 0.3403912136783357, "relative_form_transformed_trajectory_error": 0.33433885484093817, "scale_error": 0.191378112380159, "translation_error": 20.135718189631078, "rotation_error": 12.232331371857681}