{"average_velocity_error": 0.507294139609887, "relative_maximum_velocity_error": 3.949466585830712, "std_velocity_error": 0.29175214268840277, "average_trajectory_error": 21.685819554745578, "relative_maximum_trajectory_error": 1.844558774452111, "std_trajectory_error": 10.912239159304331, "relative_distance_error": 0.31277144252375394, "relative_form_transformed_trajectory_error": 0.30121450413488554, "scale_error": 0.1923936639902533, "translation_error": 20.31269774970956, "rotation_error": 13.09069232534668}