{"average_velocity_error": 0.5068256069834416, "relative_maximum_velocity_error": 3.855832904166254, "std_velocity_error": 0.29107119658818614, "average_trajectory_error": 22.424384435057934, "relative_maximum_trajectory_error": 1.908801422818078, "std_trajectory_error": 11.75282368948925, "relative_distance_error": 0.328193576134897, "relative_form_transformed_trajectory_error": 0.32125109336569074, "scale_error": 0.2233907150735493, "translation_error": 20.903032564806345, "rotation_error": 11.14499298695063}