{"average_velocity_error": 0.5224611728619306, "relative_maximum_velocity_error": 3.7484539082002017, "std_velocity_error": 0.29155036826164293, "average_trajectory_error": 21.200616454064967, "relative_maximum_trajectory_error": 1.8573986990663722, "std_trajectory_error": 10.862129957763509, "relative_distance_error": 0.2984248735186013, "relative_form_transformed_trajectory_error": 0.32645352202362166, "scale_error": 0.20036956100271902, "translation_error": 19.83645609375203, "rotation_error": 13.096744498887647}