{"average_velocity_error": 0.5259480569989253, "relative_maximum_velocity_error": 3.7525451474069884, "std_velocity_error": 0.2975768046692396, "average_trajectory_error": 28.044155838117685, "relative_maximum_trajectory_error": 1.935325291234024, "std_trajectory_error": 14.917006779822708, "relative_distance_error": 0.3587371557840163, "relative_form_transformed_trajectory_error": 0.29401999280351837, "scale_error": 0.29233173504917215, "translation_error": 26.628685865231407, "rotation_error": 12.983381389864574}