{"average_velocity_error": 0.4883446318783346, "relative_maximum_velocity_error": 3.9524100837096117, "std_velocity_error": 0.273272321439311, "average_trajectory_error": 21.001625437474825, "relative_maximum_trajectory_error": 1.9640558458716861, "std_trajectory_error": 10.842392954637104, "relative_distance_error": 0.34844696771863093, "relative_form_transformed_trajectory_error": 0.32897762726400487, "scale_error": 0.21095947519509403, "translation_error": 19.399064476606984, "rotation_error": 10.075175123485304}