{"average_velocity_error": 0.5219840031021681, "relative_maximum_velocity_error": 3.730937255320845, "std_velocity_error": 0.29198518137519175, "average_trajectory_error": 24.780737240475407, "relative_maximum_trajectory_error": 1.961375716091663, "std_trajectory_error": 13.010990337018772, "relative_distance_error": 0.35957286965587415, "relative_form_transformed_trajectory_error": 0.34341449795265094, "scale_error": 0.23788818245220894, "translation_error": 22.82238464070707, "rotation_error": 12.039779925537518}