{"average_velocity_error": 0.48615352862320405, "relative_maximum_velocity_error": 3.954564008229811, "std_velocity_error": 0.27417825615709834, "average_trajectory_error": 20.27281117384774, "relative_maximum_trajectory_error": 1.9706839298646162, "std_trajectory_error": 10.361054813535407, "relative_distance_error": 0.3437885680108252, "relative_form_transformed_trajectory_error": 0.3367521353059183, "scale_error": 0.200736221143597, "translation_error": 18.690671155099846, "rotation_error": 9.981959724548968}