{"average_velocity_error": 0.5141637189648091, "relative_maximum_velocity_error": 3.819986729595213, "std_velocity_error": 0.29301461500999254, "average_trajectory_error": 21.726195463198035, "relative_maximum_trajectory_error": 1.801015415903925, "std_trajectory_error": 10.713837395546145, "relative_distance_error": 0.3108595604651613, "relative_form_transformed_trajectory_error": 0.3100091195365329, "scale_error": 0.1931884939367248, "translation_error": 20.426038975251398, "rotation_error": 13.241382014337088}