{"average_velocity_error": 0.5822339596656653, "relative_maximum_velocity_error": 3.573648041586733, "std_velocity_error": 0.31215692999271244, "average_trajectory_error": 24.210198423806624, "relative_maximum_trajectory_error": 1.9121712125065948, "std_trajectory_error": 12.04101128396033, "relative_distance_error": 0.24556206269885317, "relative_form_transformed_trajectory_error": 0.32684729326840656, "scale_error": 0.184820367507208, "translation_error": 22.906136630780782, "rotation_error": 15.637598894455795}