{"average_velocity_error": 0.5323909832498966, "relative_maximum_velocity_error": 3.714264166399522, "std_velocity_error": 0.29692683569513834, "average_trajectory_error": 22.765328118074564, "relative_maximum_trajectory_error": 1.8107761948964425, "std_trajectory_error": 11.273264653019753, "relative_distance_error": 0.36435812949268354, "relative_form_transformed_trajectory_error": 0.3162079176967555, "scale_error": 0.2141991183342914, "translation_error": 20.776483152642896, "rotation_error": 12.444680882713648}