{"average_velocity_error": 0.5597161494004421, "relative_maximum_velocity_error": 3.756990010171229, "std_velocity_error": 0.3119415975151918, "average_trajectory_error": 19.595736183540332, "relative_maximum_trajectory_error": 1.9091902914478542, "std_trajectory_error": 9.591300101698694, "relative_distance_error": 0.24048368125369848, "relative_form_transformed_trajectory_error": 0.324480261686158, "scale_error": 0.17035116160654096, "translation_error": 18.47497546173969, "rotation_error": 13.384114110010731}