{"average_velocity_error": 0.5264804498889507, "relative_maximum_velocity_error": 3.65995438951753, "std_velocity_error": 0.28155530053071487, "average_trajectory_error": 30.592361969907568, "relative_maximum_trajectory_error": 1.9344230264208595, "std_trajectory_error": 16.597281347229934, "relative_distance_error": 0.3468083780773908, "relative_form_transformed_trajectory_error": 0.2769704354298022, "scale_error": 0.3259184395185786, "translation_error": 29.432668731825217, "rotation_error": 18.576123050457475}