{"average_velocity_error": 0.5289599788494599, "relative_maximum_velocity_error": 3.703531453936206, "std_velocity_error": 0.28853638250476277, "average_trajectory_error": 26.521902384379807, "relative_maximum_trajectory_error": 1.959285527501352, "std_trajectory_error": 14.070677350305017, "relative_distance_error": 0.37198314141452177, "relative_form_transformed_trajectory_error": 0.32399227698500266, "scale_error": 0.27237593178753217, "translation_error": 24.907241863669842, "rotation_error": 12.741430198478607}