{"average_velocity_error": 0.539923815582043, "relative_maximum_velocity_error": 3.6237606465893815, "std_velocity_error": 0.294487439478055, "average_trajectory_error": 24.091605511983897, "relative_maximum_trajectory_error": 1.8652431234732387, "std_trajectory_error": 11.953519090783718, "relative_distance_error": 0.3289917388888516, "relative_form_transformed_trajectory_error": 0.313621144218084, "scale_error": 0.22584126102073684, "translation_error": 22.338029705978563, "rotation_error": 15.392517936069575}