{"average_velocity_error": 0.4861327587602261, "relative_maximum_velocity_error": 3.964679801817532, "std_velocity_error": 0.2740586454282874, "average_trajectory_error": 20.064143072495227, "relative_maximum_trajectory_error": 1.964784006062926, "std_trajectory_error": 10.236268777533764, "relative_distance_error": 0.3413759464067664, "relative_form_transformed_trajectory_error": 0.3389078747292198, "scale_error": 0.19562106556941175, "translation_error": 18.473474818270972, "rotation_error": 10.007903094822883}