{"average_velocity_error": 0.48693493463338056, "relative_maximum_velocity_error": 3.9369695522422306, "std_velocity_error": 0.27497469058450263, "average_trajectory_error": 20.72604211687247, "relative_maximum_trajectory_error": 1.9669146826428447, "std_trajectory_error": 10.594928453707892, "relative_distance_error": 0.3475617069986227, "relative_form_transformed_trajectory_error": 0.3270170704950942, "scale_error": 0.20805535637213096, "translation_error": 19.148432990602206, "rotation_error": 10.199711035404293}