{"average_velocity_error": 0.5372079799954708, "relative_maximum_velocity_error": 3.7366223597565194, "std_velocity_error": 0.3008882866646999, "average_trajectory_error": 24.468155649001417, "relative_maximum_trajectory_error": 1.908063989409773, "std_trajectory_error": 12.808422098631398, "relative_distance_error": 0.3348183818661952, "relative_form_transformed_trajectory_error": 0.3184217900813551, "scale_error": 0.235361075109059, "translation_error": 23.067133896856785, "rotation_error": 14.652921568796286}