{"average_velocity_error": 0.5270688782135645, "relative_maximum_velocity_error": 3.7448195809328215, "std_velocity_error": 0.29385786942946607, "average_trajectory_error": 18.156355985326403, "relative_maximum_trajectory_error": 1.860356182147773, "std_trajectory_error": 8.729563605012244, "relative_distance_error": 0.2935981990386865, "relative_form_transformed_trajectory_error": 0.3606376286070604, "scale_error": 0.13912494994521032, "translation_error": 16.730622053974336, "rotation_error": 12.488257314094449}