{"average_velocity_error": 0.5591441551462198, "relative_maximum_velocity_error": 3.6407683283555414, "std_velocity_error": 0.30638642714191705, "average_trajectory_error": 29.131533936531106, "relative_maximum_trajectory_error": 1.949415471229292, "std_trajectory_error": 15.302365487510887, "relative_distance_error": 0.35314874583945044, "relative_form_transformed_trajectory_error": 0.3264703055354538, "scale_error": 0.2774909063780056, "translation_error": 27.579652847181407, "rotation_error": 15.241122678195639}