{"average_velocity_error": 0.48686460696657374, "relative_maximum_velocity_error": 3.939068845173477, "std_velocity_error": 0.2746771910315142, "average_trajectory_error": 20.692112695591536, "relative_maximum_trajectory_error": 1.9663785064667165, "std_trajectory_error": 10.595827958914995, "relative_distance_error": 0.3479678831439746, "relative_form_transformed_trajectory_error": 0.3328457683350128, "scale_error": 0.2065992397463112, "translation_error": 19.087164649270616, "rotation_error": 10.095192188718423}