{"average_velocity_error": 0.731566594466567, "relative_maximum_velocity_error": 3.7665624561952256, "std_velocity_error": 0.38837152052670715, "average_trajectory_error": 7.846062938369674, "relative_maximum_trajectory_error": 1.9664155966156958, "std_trajectory_error": 3.731487996620386, "relative_distance_error": 0.2228156543636571, "relative_form_transformed_trajectory_error": 0.629087509260349, "scale_error": 0.08368408053772684, "translation_error": 5.943139958434495, "rotation_error": 8.828510518763972}