{"average_velocity_error": 0.6906871956586838, "relative_maximum_velocity_error": 3.8553369806766256, "std_velocity_error": 0.37058142967522145, "average_trajectory_error": 7.505311854332608, "relative_maximum_trajectory_error": 1.991239843537462, "std_trajectory_error": 3.5866921828494447, "relative_distance_error": 0.23094892741619588, "relative_form_transformed_trajectory_error": 0.6467867253161222, "scale_error": 0.0730946105735828, "translation_error": 5.685098371378968, "rotation_error": 9.218050954888147}