{"average_velocity_error": 0.6926456192546574, "relative_maximum_velocity_error": 3.8203771142252276, "std_velocity_error": 0.36331525012059446, "average_trajectory_error": 7.13380189274922, "relative_maximum_trajectory_error": 1.9965377292506366, "std_trajectory_error": 3.395427352675538, "relative_distance_error": 0.24508654018891518, "relative_form_transformed_trajectory_error": 0.648017034421636, "scale_error": 0.06588316487753651, "translation_error": 5.383091711512362, "rotation_error": 8.509346479385384}