{"average_velocity_error": 0.6892924061063874, "relative_maximum_velocity_error": 3.8207173689818195, "std_velocity_error": 0.36148429461046017, "average_trajectory_error": 7.058214263920681, "relative_maximum_trajectory_error": 1.990179030483834, "std_trajectory_error": 3.36448764173522, "relative_distance_error": 0.24488958817648288, "relative_form_transformed_trajectory_error": 0.6527178413734899, "scale_error": 0.0646229729137357, "translation_error": 5.2949725978198865, "rotation_error": 8.737628385904584}