{"average_velocity_error": 0.7010429007560015, "relative_maximum_velocity_error": 3.76054728725686, "std_velocity_error": 0.3710595601052046, "average_trajectory_error": 7.651970450996928, "relative_maximum_trajectory_error": 1.9810841172699403, "std_trajectory_error": 3.655871581493933, "relative_distance_error": 0.24924969147972775, "relative_form_transformed_trajectory_error": 0.6429066560166389, "scale_error": 0.06859793009569831, "translation_error": 5.802159374031, "rotation_error": 9.320218760994145}