{"average_velocity_error": 0.7013290674984455, "relative_maximum_velocity_error": 3.8108563419874018, "std_velocity_error": 0.37479186240583656, "average_trajectory_error": 8.132782438091684, "relative_maximum_trajectory_error": 1.9641730932682286, "std_trajectory_error": 3.8360881108834057, "relative_distance_error": 0.24814626535182271, "relative_form_transformed_trajectory_error": 0.626732601581629, "scale_error": 0.07367784736840699, "translation_error": 6.125114786237321, "rotation_error": 9.534050399005173}