{"average_velocity_error": 0.6972427532821893, "relative_maximum_velocity_error": 3.760651888360318, "std_velocity_error": 0.3685599726438522, "average_trajectory_error": 7.833761999907479, "relative_maximum_trajectory_error": 1.9457789660999447, "std_trajectory_error": 3.717530296889454, "relative_distance_error": 0.24985442791164053, "relative_form_transformed_trajectory_error": 0.6394863213352373, "scale_error": 0.0736819598500482, "translation_error": 5.967128315056905, "rotation_error": 8.955007162120392}