{"average_velocity_error": 0.7143492977321148, "relative_maximum_velocity_error": 3.7995860575024323, "std_velocity_error": 0.3820165930315852, "average_trajectory_error": 7.7987666832421105, "relative_maximum_trajectory_error": 1.979242857782672, "std_trajectory_error": 3.724544084463, "relative_distance_error": 0.23845749174649844, "relative_form_transformed_trajectory_error": 0.6351596133769288, "scale_error": 0.07710968081014516, "translation_error": 5.9704077972677325, "rotation_error": 9.04769490208109}