{"average_velocity_error": 0.7049389408528804, "relative_maximum_velocity_error": 3.778349431421674, "std_velocity_error": 0.3739895934611559, "average_trajectory_error": 8.104073163946868, "relative_maximum_trajectory_error": 1.9401915344331286, "std_trajectory_error": 3.848426452102009, "relative_distance_error": 0.24895732243896418, "relative_form_transformed_trajectory_error": 0.6242559092836106, "scale_error": 0.07397554121830673, "translation_error": 6.285746829489181, "rotation_error": 9.162461910045119}