{"average_velocity_error": 0.7279354447871447, "relative_maximum_velocity_error": 3.710057853671949, "std_velocity_error": 0.37907561026513575, "average_trajectory_error": 7.896325721895145, "relative_maximum_trajectory_error": 1.9600484163991019, "std_trajectory_error": 3.721347576220856, "relative_distance_error": 0.25408986516175314, "relative_form_transformed_trajectory_error": 0.6352676805237973, "scale_error": 0.058819220896250586, "translation_error": 6.100950190761491, "rotation_error": 9.085054534504076}