{"average_velocity_error": 0.6906991133597739, "relative_maximum_velocity_error": 3.824028545405333, "std_velocity_error": 0.36232612013395044, "average_trajectory_error": 7.1499339127916235, "relative_maximum_trajectory_error": 1.989792491500304, "std_trajectory_error": 3.3957330963473704, "relative_distance_error": 0.2466151421509853, "relative_form_transformed_trajectory_error": 0.6461193707189171, "scale_error": 0.06615230651089332, "translation_error": 5.406403160619245, "rotation_error": 8.606055909868346}