{"average_velocity_error": 0.7201456091552972, "relative_maximum_velocity_error": 3.7520037857666897, "std_velocity_error": 0.3801530082523823, "average_trajectory_error": 7.749595799614143, "relative_maximum_trajectory_error": 1.974278412798364, "std_trajectory_error": 3.6765414168518453, "relative_distance_error": 0.25034650246376733, "relative_form_transformed_trajectory_error": 0.6422889700620976, "scale_error": 0.07682765642765149, "translation_error": 5.830947015464751, "rotation_error": 9.199453920574864}