{"average_velocity_error": 0.7051530462503434, "relative_maximum_velocity_error": 3.82728929682662, "std_velocity_error": 0.3772890287637711, "average_trajectory_error": 7.994599732334027, "relative_maximum_trajectory_error": 1.9595026513060345, "std_trajectory_error": 3.8094596023278764, "relative_distance_error": 0.23554002124462456, "relative_form_transformed_trajectory_error": 0.6320045205884196, "scale_error": 0.07381205453388241, "translation_error": 6.05504020189488, "rotation_error": 9.349343537357708}