{"average_velocity_error": 0.6792986086010933, "relative_maximum_velocity_error": 3.829784960861889, "std_velocity_error": 0.3624512591212988, "average_trajectory_error": 7.560604624094354, "relative_maximum_trajectory_error": 1.9804822498861259, "std_trajectory_error": 3.6127036637568795, "relative_distance_error": 0.25454915358993285, "relative_form_transformed_trajectory_error": 0.6426085011593645, "scale_error": 0.07223810866050392, "translation_error": 5.773549217918831, "rotation_error": 9.014265358135985}