{"average_velocity_error": 0.6825240829586983, "relative_maximum_velocity_error": 3.8123988356179312, "std_velocity_error": 0.3662184198573232, "average_trajectory_error": 7.418749988074401, "relative_maximum_trajectory_error": 1.9901120298604018, "std_trajectory_error": 3.5415583309468355, "relative_distance_error": 0.23673461199898507, "relative_form_transformed_trajectory_error": 0.6370821280922402, "scale_error": 0.07612271197405672, "translation_error": 5.538971031892459, "rotation_error": 9.408695760512186}