{"average_velocity_error": 0.6854297678172588, "relative_maximum_velocity_error": 3.8911697973641695, "std_velocity_error": 0.36840096790343524, "average_trajectory_error": 7.608691154989083, "relative_maximum_trajectory_error": 1.9531075739576358, "std_trajectory_error": 3.616939791166034, "relative_distance_error": 0.24532052130339538, "relative_form_transformed_trajectory_error": 0.6374409475364589, "scale_error": 0.06646145884759451, "translation_error": 5.8505530136274855, "rotation_error": 8.99405724164625}