{"average_velocity_error": 0.7120499733090401, "relative_maximum_velocity_error": 3.7571375072731454, "std_velocity_error": 0.37541925732046366, "average_trajectory_error": 8.22456620855693, "relative_maximum_trajectory_error": 1.9668603799538278, "std_trajectory_error": 3.9399372566160524, "relative_distance_error": 0.26030593377156647, "relative_form_transformed_trajectory_error": 0.6285585444951899, "scale_error": 0.07486933053196493, "translation_error": 6.290261153406052, "rotation_error": 9.55311162948144}