{"average_velocity_error": 0.7059110540896654, "relative_maximum_velocity_error": 3.783405411234877, "std_velocity_error": 0.3778842939436436, "average_trajectory_error": 7.889103542731889, "relative_maximum_trajectory_error": 1.977362146790363, "std_trajectory_error": 3.749846053303435, "relative_distance_error": 0.2299442913518894, "relative_form_transformed_trajectory_error": 0.6399333498551597, "scale_error": 0.0782615458644163, "translation_error": 5.998303776827398, "rotation_error": 9.59637852337051}