{"average_velocity_error": 0.698626602217555, "relative_maximum_velocity_error": 3.819039260735526, "std_velocity_error": 0.3733810841664672, "average_trajectory_error": 7.8220047000671915, "relative_maximum_trajectory_error": 1.966670034616821, "std_trajectory_error": 3.7234810305964663, "relative_distance_error": 0.255644392512055, "relative_form_transformed_trajectory_error": 0.6365815747098986, "scale_error": 0.06438135769748136, "translation_error": 6.033302097972366, "rotation_error": 9.26230260425585}