{"average_velocity_error": 0.6979810181260109, "relative_maximum_velocity_error": 3.759496522883544, "std_velocity_error": 0.36979550797492267, "average_trajectory_error": 7.846726915757219, "relative_maximum_trajectory_error": 1.9596455201458196, "std_trajectory_error": 3.7479653192599844, "relative_distance_error": 0.2549335315579343, "relative_form_transformed_trajectory_error": 0.6365687031799577, "scale_error": 0.07342557965139027, "translation_error": 5.932913864677439, "rotation_error": 9.13998150513238}