{"average_velocity_error": 0.6966222300380468, "relative_maximum_velocity_error": 3.797957787833493, "std_velocity_error": 0.37106603480875494, "average_trajectory_error": 7.548413657163701, "relative_maximum_trajectory_error": 1.9860958652424943, "std_trajectory_error": 3.5921825717440545, "relative_distance_error": 0.23898877684593034, "relative_form_transformed_trajectory_error": 0.6457021240054303, "scale_error": 0.06466662892907431, "translation_error": 5.6514402876233225, "rotation_error": 9.20600697420081}