{"average_velocity_error": 0.7128625035285949, "relative_maximum_velocity_error": 3.736350862099989, "std_velocity_error": 0.3755801568925381, "average_trajectory_error": 7.880880351864196, "relative_maximum_trajectory_error": 1.9436051295615449, "std_trajectory_error": 3.723935178464865, "relative_distance_error": 0.24150718926802747, "relative_form_transformed_trajectory_error": 0.6279640497122899, "scale_error": 0.07459334033168158, "translation_error": 6.091554483558264, "rotation_error": 9.103174634036643}