{"average_velocity_error": 0.6889956441326188, "relative_maximum_velocity_error": 3.8249588435556916, "std_velocity_error": 0.3613418863510439, "average_trajectory_error": 7.13532716172643, "relative_maximum_trajectory_error": 1.9866008300170006, "std_trajectory_error": 3.389876512727862, "relative_distance_error": 0.2471781098413944, "relative_form_transformed_trajectory_error": 0.6484205301707443, "scale_error": 0.0649533017099166, "translation_error": 5.385503433211451, "rotation_error": 8.69088186307002}