{"average_velocity_error": 0.6961252111196518, "relative_maximum_velocity_error": 3.810402754248472, "std_velocity_error": 0.372810880318284, "average_trajectory_error": 7.660068658669342, "relative_maximum_trajectory_error": 1.9711820158764182, "std_trajectory_error": 3.6785320705512707, "relative_distance_error": 0.24486617500948593, "relative_form_transformed_trajectory_error": 0.6351716786193154, "scale_error": 0.07168998372224854, "translation_error": 5.843554629981553, "rotation_error": 9.30121245133767}