{"average_velocity_error": 0.6971356075257062, "relative_maximum_velocity_error": 3.8691718235329113, "std_velocity_error": 0.3769266249611974, "average_trajectory_error": 7.5903665352533105, "relative_maximum_trajectory_error": 1.9942947019557336, "std_trajectory_error": 3.6411490862539506, "relative_distance_error": 0.2349792335356301, "relative_form_transformed_trajectory_error": 0.6462245645466633, "scale_error": 0.07525988220193504, "translation_error": 5.726436055475724, "rotation_error": 9.40199137256115}