{"average_velocity_error": 0.7043621638417243, "relative_maximum_velocity_error": 3.7956091213482623, "std_velocity_error": 0.37578971825540064, "average_trajectory_error": 8.038619609936704, "relative_maximum_trajectory_error": 1.9660286449372597, "std_trajectory_error": 3.8577533860835045, "relative_distance_error": 0.24727882134552182, "relative_form_transformed_trajectory_error": 0.6366042439244388, "scale_error": 0.07512707749526365, "translation_error": 6.13624792938069, "rotation_error": 9.50979044780871}