{"average_velocity_error": 0.7128686654567719, "relative_maximum_velocity_error": 3.75885960472972, "std_velocity_error": 0.37624109283089635, "average_trajectory_error": 7.903667435551581, "relative_maximum_trajectory_error": 1.9873840495965727, "std_trajectory_error": 3.7983041013604337, "relative_distance_error": 0.24929597273592066, "relative_form_transformed_trajectory_error": 0.6381481815127167, "scale_error": 0.07014213005819653, "translation_error": 6.091094562393133, "rotation_error": 9.4522604062755}