{"average_velocity_error": 0.6981753889471293, "relative_maximum_velocity_error": 3.8177954145041495, "std_velocity_error": 0.3754237996041775, "average_trajectory_error": 7.549156138781338, "relative_maximum_trajectory_error": 1.987956305953283, "std_trajectory_error": 3.6081770326320792, "relative_distance_error": 0.2325072849747068, "relative_form_transformed_trajectory_error": 0.6389849905291014, "scale_error": 0.07293964667481699, "translation_error": 5.663243285560468, "rotation_error": 9.285644492817156}