{"average_velocity_error": 0.6914959766521916, "relative_maximum_velocity_error": 3.8221634424852393, "std_velocity_error": 0.3627045240044788, "average_trajectory_error": 7.107743947565121, "relative_maximum_trajectory_error": 1.9978671327202766, "std_trajectory_error": 3.38473868149149, "relative_distance_error": 0.24558321125836, "relative_form_transformed_trajectory_error": 0.6489245623165186, "scale_error": 0.06592273971795565, "translation_error": 5.356655055233387, "rotation_error": 8.564042692231935}