{"average_velocity_error": 0.7037327827513218, "relative_maximum_velocity_error": 3.82878921911318, "std_velocity_error": 0.3750580121949315, "average_trajectory_error": 7.676773306082919, "relative_maximum_trajectory_error": 1.9763127248960484, "std_trajectory_error": 3.65465505069134, "relative_distance_error": 0.25073313421648113, "relative_form_transformed_trajectory_error": 0.63960147279915, "scale_error": 0.06674380823227058, "translation_error": 5.768879485547095, "rotation_error": 9.635087397199724}