{"average_velocity_error": 0.7081144332140684, "relative_maximum_velocity_error": 3.7714843283057293, "std_velocity_error": 0.37705305438488723, "average_trajectory_error": 7.823696392761182, "relative_maximum_trajectory_error": 1.968532673345178, "std_trajectory_error": 3.7198213108470863, "relative_distance_error": 0.25183301800670516, "relative_form_transformed_trajectory_error": 0.6360912664229109, "scale_error": 0.06447151919491341, "translation_error": 6.014808599484105, "rotation_error": 9.567876941500451}