{"average_velocity_error": 0.7237730815261603, "relative_maximum_velocity_error": 3.7444076760045095, "std_velocity_error": 0.38349492207169533, "average_trajectory_error": 7.9885713856696725, "relative_maximum_trajectory_error": 1.9688824694579237, "std_trajectory_error": 3.8073855073147467, "relative_distance_error": 0.24639261862438466, "relative_form_transformed_trajectory_error": 0.6333625701050679, "scale_error": 0.07320059228442462, "translation_error": 6.104894373915383, "rotation_error": 9.052290495589604}