{"average_velocity_error": 0.6932232051466962, "relative_maximum_velocity_error": 3.8149970450627473, "std_velocity_error": 0.3632403957591741, "average_trajectory_error": 7.159438759673558, "relative_maximum_trajectory_error": 1.9969694250168812, "std_trajectory_error": 3.408638260136678, "relative_distance_error": 0.24692711332097556, "relative_form_transformed_trajectory_error": 0.6468504707963256, "scale_error": 0.06569938230286593, "translation_error": 5.413995337861783, "rotation_error": 8.561529773350847}