{"average_velocity_error": 0.70260263890028, "relative_maximum_velocity_error": 3.8431731389179618, "std_velocity_error": 0.37706023566424846, "average_trajectory_error": 7.912488279516204, "relative_maximum_trajectory_error": 1.9635688165051577, "std_trajectory_error": 3.760256919194134, "relative_distance_error": 0.24362446508197658, "relative_form_transformed_trajectory_error": 0.6363215266801098, "scale_error": 0.07371491724016171, "translation_error": 6.0378911083909115, "rotation_error": 9.421231489367415}