{"average_velocity_error": 0.7257678388804197, "relative_maximum_velocity_error": 3.7496837208112423, "std_velocity_error": 0.38382369220256807, "average_trajectory_error": 8.184155540869643, "relative_maximum_trajectory_error": 1.9676695795506414, "std_trajectory_error": 3.9082199635605583, "relative_distance_error": 0.2374944116922068, "relative_form_transformed_trajectory_error": 0.6252011766348649, "scale_error": 0.07865409990512155, "translation_error": 6.276153867110612, "rotation_error": 9.41121045786192}