{"average_velocity_error": 0.7261845809221268, "relative_maximum_velocity_error": 3.7032123242458783, "std_velocity_error": 0.37991927929222585, "average_trajectory_error": 8.213260015035544, "relative_maximum_trajectory_error": 1.9799560685786934, "std_trajectory_error": 3.948817193720355, "relative_distance_error": 0.24708110268332603, "relative_form_transformed_trajectory_error": 0.6350719001972571, "scale_error": 0.06905496121296295, "translation_error": 6.292876700676949, "rotation_error": 9.721165822364869}